Edad,Altura,Peso,estado_fisico,salud,alimentacion,fruta_consumo,verdura_consumo,genero,actividad_fisica,dias_entreno,horas_entreno,entreno_constante,enfoque,areas__Abdomen,areas__Brazo,areas__Cardio,areas__Espalda,areas__Pecho,areas__Pierna,efectividad,consumo__Creatina,consumo__Nada,consumo__Otro,consumo__Pre-Entreno,consumo_proteina,horas_dormir,fuente_energia1,fuente_energia2,agua,motivo__Aumentodemasamuscular,motivo__Definicion_muscular,motivo__Perdida_Peso,motivo__Salud,disponibilidad_tiempo,experiencia_fuerza,experiencia_cardio,acceso,preferencia_area,intensidad,IMC,grasa_corporal,grasa_corporal_magra
22,1.59,145.0,7.0,9.0,3.0,4.0,4.0,0,0,0,0,0,0,1.0,0.0,1.0,0.0,0.0,0.0,0,0.0,0.0,1.0,0.0,0.0,0,0,0,0,0,0,1,1,0,0,0,0,0,0,26.07,30.94,48.73
22,1.84,205.0,7.0,9.0,3.0,2.0,3.0,1,1,0,1,1,1,1.0,1.0,1.0,1.0,1.0,1.0,1,0.0,0.0,0.0,0.0,1.0,1,1,1,1,0,1,0,0,1,0,0,1,1,0,27.52,21.88,67.54
20,1.7,122.0,1.0,7.0,4.0,2.0,2.0,1,1,0,2,0,1,1.0,1.0,1.0,0.0,0.0,1.0,0,0.0,0.0,0.0,0.0,1.0,2,0,2,2,1,1,0,0,1,0,0,0,2,1,19.19,11.43,44.81
25,1.63,120.0,-1.0,-1.0,-1.0,-1.0,-1.0,0,2,-1,-1,-1,-1,-1.0,-1.0,-1.0,-1.0,-1.0,-1.0,-1,-1.0,-1.0,-1.0,-1.0,-1.0,-1,-1,-1,-1,1,1,1,0,1,0,1,0,3,0,20.53,24.99,43.35
18,1.71,110.0,4.0,6.0,3.0,3.0,4.0,1,1,1,2,0,1,1.0,1.0,0.0,1.0,1.0,1.0,0,0.0,1.0,0.0,0.0,0.0,2,0,0,2,1,0,0,0,1,1,1,0,4,0,17.1,8.46,41.45
21,1.75,133.0,8.0,5.0,3.0,4.0,3.0,0,1,0,1,2,1,1.0,1.0,0.0,1.0,1.0,1.0,0,1.0,0.0,0.0,0.0,1.0,2,1,1,3,1,1,0,1,0,0,1,0,0,1,19.74,23.12,48.52
22,1.75,163.0,-1.0,-1.0,-1.0,-1.0,-1.0,1,2,-1,-1,-1,-1,-1.0,-1.0,-1.0,-1.0,-1.0,-1.0,-1,-1.0,-1.0,-1.0,-1.0,-1.0,-1,-1,-1,-1,0,1,0,0,1,1,1,1,0,0,24.19,17.89,56.17
22,1.8,170.0,4.0,4.0,3.0,3.0,2.0,1,1,0,1,1,1,1.0,1.0,0.0,1.0,1.0,1.0,0,1.0,0.0,0.0,0.0,1.0,1,0,0,3,1,1,0,0,1,0,0,0,0,0,23.85,17.48,58.84
22,1.53,114.0,8.0,9.0,3.0,3.0,3.0,0,0,0,2,2,1,0.0,1.0,1.0,0.0,0.0,1.0,0,0.0,1.0,0.0,0.0,0.0,0,0,0,2,0,1,0,0,1,0,0,0,4,0,22.14,26.23,40.35
21,1.6,170.0,5.0,7.0,4.0,4.0,4.0,0,1,2,3,3,0,0.0,1.0,1.0,0.0,0.0,1.0,0,0.0,1.0,0.0,0.0,0.0,0,1,1,1,1,0,1,1,2,0,0,0,0,2,30.18,35.65,53.95
24,1.6,165.0,5.0,7.0,3.0,3.0,5.0,0,1,0,1,0,1,1.0,1.0,1.0,0.0,1.0,1.0,0,0.0,1.0,0.0,0.0,0.0,1,0,0,2,0,0,1,0,1,1,1,0,0,0,29.3,35.28,53.02
22,1.6,105.0,6.0,7.0,4.0,5.0,5.0,0,0,0,1,1,1,1.0,0.0,1.0,0.0,0.0,0.0,1,0.0,1.0,0.0,0.0,0.0,0,0,0,3,0,0,1,0,1,0,0,1,3,2,18.64,22.03,38.83
18,1.7,126.0,-1.0,-1.0,-1.0,-1.0,-1.0,0,2,-1,-1,-1,-1,-1.0,-1.0,-1.0,-1.0,-1.0,-1.0,-1,-1.0,-1.0,-1.0,-1.0,-1.0,-1,-1,-1,-1,0,1,0,0,1,0,1,1,0,0,19.82,22.52,45.92
23,1.74,123.0,7.0,10.0,4.0,4.0,5.0,0,1,3,1,1,1,1.0,1.0,1.0,1.0,0.0,1.0,0,0.0,1.0,0.0,0.0,0.0,0,0,0,2,0,1,0,0,1,0,0,0,2,0,18.47,22.05,45.58
22,1.68,120.0,8.0,6.0,3.0,5.0,3.0,0,1,0,2,3,1,1.0,1.0,1.0,1.0,1.0,0.0,0,0.0,1.0,0.0,0.0,0.0,1,0,0,3,0,0,0,1,0,0,0,0,0,1,19.33,22.86,44.0
22,1.65,185.0,7.0,7.0,2.0,3.0,5.0,1,1,0,4,0,1,1.0,1.0,1.0,1.0,1.0,1.0,1,0.0,1.0,0.0,0.0,0.0,1,1,1,1,1,0,1,0,3,0,0,0,0,0,30.89,25.93,58.12
22,1.7,150.0,2.0,4.0,4.0,5.0,5.0,0,1,3,2,2,0,0.0,0.0,1.0,0.0,0.0,0.0,0,0.0,1.0,0.0,0.0,0.0,1,0,2,2,0,0,1,0,1,0,0,0,0,0,23.59,27.97,52.1
22,1.83,215.0,7.0,8.0,3.0,2.0,5.0,1,0,0,4,4,1,1.0,1.0,0.0,1.0,1.0,1.0,1,0.0,1.0,0.0,0.0,0.0,2,0,0,3,1,1,0,1,1,0,0,1,0,0,29.18,23.88,69.21
23,1.82,175.0,7.0,8.0,2.0,4.0,4.0,1,1,0,1,1,1,1.0,1.0,1.0,1.0,1.0,1.0,2,0.0,1.0,0.0,0.0,0.0,0,1,1,0,1,1,1,1,1,0,0,0,0,2,24.01,17.9,60.45
19,1.6,111.0,7.0,8.0,4.0,4.0,4.0,0,1,0,1,2,1,1.0,1.0,0.0,1.0,1.0,1.0,1,0.0,1.0,0.0,0.0,0.0,0,0,0,2,1,1,0,0,1,0,1,0,3,0,19.71,22.62,40.51
22,1.64,140.0,8.0,8.0,4.0,2.0,5.0,0,1,0,1,2,0,1.0,1.0,1.0,1.0,1.0,1.0,1,0.0,1.0,0.0,0.0,0.0,0,1,1,2,0,0,1,0,0,0,0,0,3,0,23.66,28.05,48.58
19,1.6,133.0,-1.0,-1.0,-1.0,-1.0,-1.0,0,2,-1,-1,-1,-1,-1.0,-1.0,-1.0,-1.0,-1.0,-1.0,-1,-1.0,-1.0,-1.0,-1.0,-1.0,-1,-1,-1,-1,0,0,0,1,1,0,1,0,0,0,23.62,27.31,46.18
20,1.67,170.0,6.0,8.0,5.0,4.0,4.0,0,0,0,1,0,0,1.0,0.0,1.0,0.0,0.0,1.0,0,0.0,0.0,0.0,1.0,1.0,3,1,1,3,0,1,1,0,1,0,1,0,0,1,27.71,32.45,55.86
22,1.83,225.0,-1.0,-1.0,-1.0,-1.0,-1.0,1,2,-1,-1,-1,-1,-1.0,-1.0,-1.0,-1.0,-1.0,-1.0,-1,-1.0,-1.0,-1.0,-1.0,-1.0,-1,-1,-1,-1,0,0,1,0,1,0,0,0,2,1,30.54,25.51,71.04
22,1.75,217.0,8.0,9.0,4.0,5.0,3.0,1,1,0,1,0,1,1.0,1.0,0.0,1.0,1.0,1.0,1,1.0,0.0,0.0,0.0,1.0,0,1,1,1,1,1,0,0,1,0,1,0,4,0,32.21,27.51,66.87
20,1.8,145.0,-1.0,-1.0,-1.0,-1.0,-1.0,1,2,-1,-1,-1,-1,-1.0,-1.0,-1.0,-1.0,-1.0,-1.0,-1,-1.0,-1.0,-1.0,-1.0,-1.0,-1,-1,-1,-1,0,1,0,0,0,1,0,1,0,1,20.34,12.81,52.5
22,1.82,196.0,6.0,8.0,4.0,3.0,3.0,1,1,0,1,2,1,0.0,1.0,1.0,1.0,1.0,1.0,1,0.0,1.0,1.0,0.0,0.0,0,1,1,1,1,0,1,0,1,0,0,0,5,0,26.9,21.14,65.13
25,1.76,167.2,7.0,9.0,5.0,5.0,5.0,1,1,3,4,0,1,1.0,1.0,0.0,1.0,1.0,1.0,1,1.0,0.0,0.0,1.0,1.0,1,1,1,3,1,1,0,0,1,0,1,0,2,0,24.54,19.0,57.35
22,1.73,150.0,-1.0,-1.0,-1.0,-1.0,-1.0,1,2,-1,-1,-1,-1,-1.0,-1.0,-1.0,-1.0,-1.0,-1.0,-1,-1.0,-1.0,-1.0,-1.0,-1.0,-1,-1,-1,-1,1,0,0,1,1,1,1,0,0,0,22.78,16.2,52.65
20,1.75,140.0,6.0,7.0,3.0,3.0,3.0,0,1,1,2,0,0,0.0,1.0,1.0,0.0,0.0,1.0,2,0.0,1.0,0.0,0.0,0.0,0,0,2,2,0,1,1,0,0,1,1,0,0,0,20.78,24.14,50.41
19,1.67,125.0,6.0,6.0,2.0,3.0,3.0,0,1,0,1,2,1,1.0,1.0,1.0,1.0,1.0,1.0,1,0.0,1.0,0.0,0.0,0.0,0,0,0,2,1,1,1,1,2,0,0,0,3,2,20.37,23.41,45.24
20,1.64,130.0,-1.0,-1.0,-1.0,-1.0,-1.0,0,2,-1,-1,-1,-1,-1.0,-1.0,-1.0,-1.0,-1.0,-1.0,-1,-1.0,-1.0,-1.0,-1.0,-1.0,-1,-1,-1,-1,1,1,1,1,1,1,1,0,0,1,21.97,25.56,46.11
20,1.53,110.0,5.0,5.0,3.0,5.0,5.0,0,1,0,1,1,1,1.0,0.0,1.0,1.0,0.0,1.0,0,0.0,1.0,0.0,0.0,0.0,0,0,0,2,1,1,1,0,1,0,0,0,0,2,21.36,24.83,39.32
20,1.67,130.0,-1.0,-1.0,-1.0,-1.0,-1.0,0,2,-1,-1,-1,-1,-1.0,-1.0,-1.0,-1.0,-1.0,-1.0,-1,-1.0,-1.0,-1.0,-1.0,-1.0,-1,-1,-1,-1,0,1,0,1,0,1,1,1,0,0,21.19,24.63,46.57
24,1.7,185.0,5.0,8.0,3.0,4.0,5.0,1,1,0,1,2,1,0.0,1.0,0.0,0.0,0.0,1.0,2,0.0,1.0,1.0,0.0,0.0,0,0,2,3,1,1,1,1,1,0,0,0,3,0,29.1,24.24,59.62
20,1.71,121.0,5.0,7.0,4.0,4.0,5.0,1,0,1,1,2,0,0.0,0.0,1.0,0.0,0.0,1.0,2,0.0,1.0,0.0,0.0,0.0,1,0,0,2,0,1,0,1,1,1,1,0,2,1,18.81,10.97,44.65
22,1.72,185.0,1.0,5.0,1.0,2.0,1.0,1,1,1,2,0,1,0.0,0.0,0.0,0.0,1.0,0.0,2,0.0,1.0,0.0,0.0,0.0,0,1,1,2,0,0,1,0,1,0,0,0,5,0,28.42,22.96,60.19
22,1.8,190.0,-1.0,-1.0,-1.0,-1.0,-1.0,1,2,-1,-1,-1,-1,-1.0,-1.0,-1.0,-1.0,-1.0,-1.0,-1,-1.0,-1.0,-1.0,-1.0,-1.0,-1,-1,-1,-1,0,0,1,1,1,0,0,0,2,0,26.66,20.85,63.34
30,1.55,63.0,-1.0,-1.0,-1.0,-1.0,-1.0,0,2,-1,-1,-1,-1,-1.0,-1.0,-1.0,-1.0,-1.0,-1.0,-1,-1.0,-1.0,-1.0,-1.0,-1.0,-1,-1,-1,-1,0,0,1,0,1,1,1,1,0,0,11.92,15.8,25.22
21,1.54,120.0,5.0,5.0,4.0,2.0,1.0,0,0,0,2,0,0,1.0,0.0,0.0,0.0,0.0,1.0,0,0.0,1.0,0.0,0.0,0.0,2,1,1,3,1,0,1,0,1,1,0,1,3,0,23.0,27.03,42.0
20,1.64,145.0,8.0,9.0,4.0,3.0,4.0,0,1,0,1,2,1,1.0,1.0,1.0,1.0,0.0,1.0,1,0.0,0.0,0.0,0.0,1.0,1,0,0,3,1,1,0,0,1,0,1,0,3,0,24.51,28.61,49.75
23,1.53,189.0,-1.0,-1.0,-1.0,-1.0,-1.0,1,2,-1,-1,-1,-1,-1.0,-1.0,-1.0,-1.0,-1.0,-1.0,-1,-1.0,-1.0,-1.0,-1.0,-1.0,-1,-1,-1,-1,0,0,1,1,1,0,0,1,2,0,36.7,33.13,54.38
23,1.62,99.6,-1.0,-1.0,-1.0,-1.0,-1.0,0,2,-1,-1,-1,-1,-1.0,-1.0,-1.0,-1.0,-1.0,-1.0,-1,-1.0,-1.0,-1.0,-1.0,-1.0,-1,-1,-1,-1,0,0,0,1,1,0,0,1,0,0,17.25,20.59,37.46
20,1.71,140.0,3.0,4.0,2.0,5.0,4.0,0,0,0,1,0,1,1.0,1.0,1.0,1.0,1.0,1.0,0,0.0,1.0,0.0,0.0,0.0,0,0,0,3,0,1,1,1,1,0,1,1,0,0,21.76,25.31,49.79
21,1.74,140.0,6.0,6.0,3.0,5.0,5.0,1,1,0,1,0,1,1.0,1.0,1.0,1.0,1.0,1.0,0,0.0,1.0,0.0,0.0,0.0,0,0,0,1,1,0,0,1,0,0,0,0,0,0,21.02,13.85,50.26
20,1.7,142.0,6.0,8.0,3.0,2.0,2.0,0,1,3,1,0,0,1.0,1.0,1.0,1.0,1.0,1.0,1,1.0,0.0,0.0,0.0,0.0,1,0,2,2,0,0,0,1,1,0,1,0,0,0,22.33,26.0,50.13
22,1.6,110.0,6.0,8.0,3.0,3.0,3.0,0,1,3,2,0,1,1.0,1.0,1.0,1.0,0.0,1.0,1,0.0,1.0,0.0,0.0,0.0,1,0,2,0,0,1,0,1,1,0,0,0,3,0,19.53,23.1,40.23
22,1.7,209.0,4.0,7.0,4.0,3.0,4.0,1,1,3,1,0,1,0.0,1.0,1.0,1.0,1.0,1.0,1,0.0,1.0,0.0,0.0,0.0,1,1,1,3,1,0,1,0,1,0,0,0,0,0,32.87,28.3,63.77
22,1.6,120.0,7.0,8.0,4.0,5.0,5.0,0,0,0,2,0,0,1.0,1.0,1.0,0.0,0.0,1.0,0,0.0,1.0,0.0,0.0,0.0,1,0,0,2,0,0,0,1,0,0,1,0,0,0,21.31,25.23,42.92
20,1.5,107.0,-1.0,-1.0,-1.0,-1.0,-1.0,0,2,-1,-1,-1,-1,-1.0,-1.0,-1.0,-1.0,-1.0,-1.0,-1,-1.0,-1.0,-1.0,-1.0,-1.0,-1,-1,-1,-1,0,1,0,1,0,1,1,1,2,0,21.62,25.14,38.12
20,1.78,250.0,-1.0,-1.0,-1.0,-1.0,-1.0,0,2,-1,-1,-1,-1,-1.0,-1.0,-1.0,-1.0,-1.0,-1.0,-1,-1.0,-1.0,-1.0,-1.0,-1.0,-1,-1,-1,-1,0,0,1,1,1,0,0,0,0,0,35.87,42.24,72.88
21,1.75,155.0,7.0,8.0,3.0,3.0,3.0,1,0,3,1,2,1,1.0,1.0,1.0,1.0,1.0,1.0,1,0.0,0.0,0.0,0.0,1.0,1,1,1,0,1,1,0,0,1,0,0,1,0,2,23.01,16.24,54.24
22,1.87,186.0,7.0,7.0,3.0,2.0,5.0,1,1,0,1,2,1,1.0,1.0,1.0,1.0,1.0,1.0,1,1.0,0.0,1.0,0.0,1.0,1,1,1,1,1,0,1,1,1,0,0,0,0,2,24.18,17.88,64.1
19,1.7,145.0,7.0,10.0,3.0,4.0,5.0,1,1,0,1,3,1,1.0,1.0,1.0,1.0,1.0,1.0,1,0.0,0.0,0.0,0.0,1.0,0,1,1,3,0,0,0,1,1,0,0,0,0,0,22.81,15.54,50.88
23,1.55,125.0,-1.0,-1.0,-1.0,-1.0,-1.0,0,2,-1,-1,-1,-1,-1.0,-1.0,-1.0,-1.0,-1.0,-1.0,-1,-1.0,-1.0,-1.0,-1.0,-1.0,-1,-1,-1,-1,0,1,0,1,1,1,0,0,3,0,23.65,28.27,43.38
20,1.79,118.0,-1.0,-1.0,-1.0,-1.0,-1.0,1,2,-1,-1,-1,-1,-1.0,-1.0,-1.0,-1.0,-1.0,-1.0,-1,-1.0,-1.0,-1.0,-1.0,-1.0,-1,-1,-1,-1,0,1,0,0,1,1,1,1,0,0,16.74,8.49,44.66
20,1.71,140.0,7.0,7.0,5.0,4.0,5.0,1,1,0,4,0,1,1.0,1.0,0.0,1.0,1.0,1.0,1,1.0,0.0,0.0,0.0,1.0,0,1,1,2,1,1,0,1,1,0,1,0,3,2,21.76,14.51,49.79
21,1.6,130.0,7.0,7.0,3.0,5.0,5.0,0,1,3,4,0,1,1.0,1.0,1.0,1.0,1.0,1.0,1,0.0,1.0,0.0,0.0,0.0,0,0,0,2,0,0,0,1,1,0,0,0,0,0,23.08,27.13,45.45
22,1.75,145.0,4.0,4.0,3.0,2.0,3.0,1,0,0,2,0,0,1.0,1.0,1.0,1.0,1.0,1.0,0,0.0,1.0,0.0,0.0,0.0,2,0,2,0,1,1,0,1,0,0,1,1,0,0,21.52,14.68,51.73
22,1.62,135.0,7.0,10.0,5.0,2.0,1.0,1,1,0,1,2,1,1.0,1.0,1.0,1.0,1.0,1.0,1,0.0,1.0,0.0,0.0,0.0,1,1,1,1,1,1,1,1,1,0,0,0,0,0,23.38,16.92,47.02
21,1.62,165.0,1.0,1.0,1.0,5.0,3.0,0,1,3,1,2,1,1.0,1.0,1.0,1.0,1.0,1.0,1,0.0,1.0,0.0,0.0,0.0,2,0,2,4,0,0,1,1,1,0,0,0,0,2,28.58,33.73,53.56
21,1.58,138.0,-1.0,-1.0,-1.0,-1.0,-1.0,0,2,-1,-1,-1,-1,-1.0,-1.0,-1.0,-1.0,-1.0,-1.0,-1,-1.0,-1.0,-1.0,-1.0,-1.0,-1,-1,-1,-1,0,0,1,1,1,1,1,0,2,0,25.13,29.59,46.96
20,1.57,115.0,5.0,9.0,4.0,2.0,4.0,0,0,1,1,0,0,0.0,0.0,1.0,0.0,0.0,0.0,2,0.0,1.0,0.0,0.0,0.0,0,0,0,0,0,0,0,1,1,1,1,0,0,0,21.21,24.65,41.19
20,1.75,165.0,7.0,7.0,3.0,4.0,4.0,0,1,3,1,2,1,1.0,1.0,1.0,1.0,1.0,1.0,1,1.0,0.0,0.0,0.0,0.0,2,1,1,1,1,1,1,0,1,0,0,0,2,0,24.49,28.59,56.63
22,1.55,96.0,7.0,8.0,3.0,4.0,3.0,0,0,3,1,0,1,1.0,1.0,1.0,1.0,1.0,1.0,0,0.0,1.0,0.0,0.0,0.0,0,2,0,3,1,1,0,1,1,0,1,0,0,0,18.16,21.45,35.71
23,1.65,140.0,-1.0,-1.0,-1.0,-1.0,-1.0,1,2,-1,-1,-1,-1,-1.0,-1.0,-1.0,-1.0,-1.0,-1.0,-1,-1.0,-1.0,-1.0,-1.0,-1.0,-1,-1,-1,-1,0,0,1,1,0,1,0,1,0,0,23.37,17.13,48.76
22,1.75,230.0,5.0,2.0,2.0,2.0,5.0,0,1,0,2,0,1,1.0,1.0,1.0,1.0,1.0,1.0,1,0.0,1.0,0.0,0.0,0.0,0,1,1,0,1,1,1,1,0,0,0,0,2,0,34.14,40.63,68.85
19,1.63,123.0,7.0,8.0,5.0,5.0,5.0,0,0,3,1,0,0,1.0,1.0,1.0,0.0,1.0,1.0,1,0.0,1.0,0.0,0.0,0.0,1,1,1,3,0,1,0,0,1,1,1,1,0,0,21.04,24.22,44.15
23,1.75,178.0,7.0,8.0,4.0,4.0,4.0,1,1,3,4,2,1,1.0,1.0,1.0,1.0,1.0,1.0,1,0.0,1.0,0.0,0.0,0.0,0,1,1,1,1,0,0,1,1,0,0,0,0,0,26.42,20.79,59.53
22,1.62,120.0,7.0,9.0,3.0,4.0,4.0,0,1,3,4,2,1,1.0,1.0,1.0,1.0,1.0,1.0,1,0.0,0.0,0.0,1.0,0.0,0,1,1,1,1,1,0,0,3,0,0,0,0,2,20.78,24.6,43.21
23,1.8,145.0,4.0,7.0,4.0,1.0,2.0,1,1,3,1,0,1,0.0,1.0,0.0,1.0,1.0,1.0,1,1.0,0.0,0.0,0.0,1.0,0,1,1,1,1,0,0,0,1,0,1,0,0,2,20.34,13.5,52.5
21,1.55,135.0,5.0,9.0,3.0,4.0,4.0,0,1,0,1,2,0,1.0,1.0,1.0,1.0,1.0,1.0,0,0.0,1.0,0.0,0.0,0.0,0,1,1,2,1,0,1,0,1,1,0,0,0,0,25.54,30.08,45.69
22,1.65,127.0,-1.0,-1.0,-1.0,-1.0,-1.0,0,2,-1,-1,-1,-1,-1.0,-1.0,-1.0,-1.0,-1.0,-1.0,-1,-1.0,-1.0,-1.0,-1.0,-1.0,-1,-1,-1,-1,1,1,1,1,1,0,0,1,0,2,21.2,25.1,45.49
19,1.8,180.0,6.0,10.0,4.0,3.0,2.0,1,1,0,2,2,0,0.0,0.0,1.0,0.0,0.0,0.0,0,0.0,1.0,0.0,0.0,0.0,0,0,0,2,0,0,1,1,1,1,1,0,0,0,25.25,18.47,61.16
28,1.6,140.0,7.0,7.0,3.0,4.0,3.0,0,1,3,1,0,1,0.0,1.0,0.0,1.0,1.0,1.0,0,0.0,0.0,0.0,0.0,1.0,0,1,1,3,1,0,0,0,1,0,1,0,2,0,24.86,30.87,47.82
16,1.65,115.0,8.0,8.0,3.0,4.0,3.0,0,1,3,1,0,0,1.0,0.0,1.0,0.0,0.0,1.0,1,0.0,1.0,0.0,0.0,0.0,0,0,2,2,0,1,0,1,1,1,1,0,2,0,19.2,21.32,42.24
21,1.54,96.0,8.0,8.0,3.0,3.0,2.0,0,1,0,1,0,1,1.0,1.0,0.0,1.0,1.0,1.0,0,0.0,0.0,0.0,0.0,1.0,1,0,2,0,1,1,0,1,1,1,1,0,3,0,18.4,21.51,35.61
23,1.55,100.0,8.0,5.0,2.0,4.0,4.0,0,0,0,1,2,2,1.0,1.0,1.0,1.0,1.0,1.0,1,0.0,1.0,0.0,0.0,0.0,0,0,0,2,1,0,1,1,1,0,1,0,0,1,18.92,22.59,36.85
22,1.78,200.0,9.0,5.0,1.0,5.0,3.0,1,1,3,1,2,0,0.0,1.0,1.0,1.0,1.0,1.0,1,0.0,0.0,1.0,0.0,0.0,1,0,2,3,1,1,0,0,1,0,0,0,2,2,28.69,23.29,64.83
21,1.65,153.0,-1.0,-1.0,-1.0,-1.0,-1.0,1,2,-1,-1,-1,-1,-1.0,-1.0,-1.0,-1.0,-1.0,-1.0,-1,-1.0,-1.0,-1.0,-1.0,-1.0,-1,-1,-1,-1,0,0,0,1,1,1,1,0,0,0,25.54,19.28,51.78
21,1.62,120.0,8.0,8.0,5.0,3.0,2.0,0,1,1,1,2,0,1.0,1.0,1.0,1.0,1.0,1.0,1,0.0,0.0,0.0,0.0,1.0,0,1,1,3,0,0,0,1,1,0,0,0,0,0,20.78,24.37,43.21
25,1.6,130.0,-1.0,-1.0,-1.0,-1.0,-1.0,0,2,-1,-1,-1,-1,-1.0,-1.0,-1.0,-1.0,-1.0,-1.0,-1,-1.0,-1.0,-1.0,-1.0,-1.0,-1,-1,-1,-1,0,1,0,0,0,0,0,0,0,0,23.08,28.05,45.45
19,1.76,120.0,-1.0,-1.0,-1.0,-1.0,-1.0,1,2,-1,-1,-1,-1,-1.0,-1.0,-1.0,-1.0,-1.0,-1.0,-1,-1.0,-1.0,-1.0,-1.0,-1.0,-1,-1,-1,-1,1,1,0,0,0,0,1,1,1,0,17.61,9.3,44.94
22,1.67,150.0,6.0,8.0,3.0,4.0,2.0,0,1,3,1,2,1,1.0,1.0,1.0,1.0,1.0,1.0,0,0.0,0.0,0.0,0.0,1.0,2,1,1,4,0,0,1,0,1,1,1,0,2,0,24.45,29.0,51.51
18,1.65,160.0,5.0,6.0,3.0,3.0,3.0,0,0,1,2,0,1,1.0,0.0,0.0,0.0,1.0,1.0,0,0.0,1.0,0.0,0.0,0.0,0,2,1,0,0,1,0,0,1,1,1,0,3,1,26.71,30.79,53.3
19,1.6,160.0,5.0,6.0,2.0,3.0,3.0,0,1,0,1,2,0,0.0,0.0,1.0,0.0,0.0,1.0,0,0.0,1.0,0.0,0.0,0.0,1,0,0,2,0,0,1,0,1,1,1,0,0,0,28.41,33.06,52.07
20,1.64,130.0,1.0,1.0,3.0,2.0,3.0,0,1,0,2,0,2,0.0,1.0,1.0,1.0,1.0,1.0,2,0.0,1.0,0.0,0.0,0.0,1,1,1,4,0,0,1,0,0,0,0,0,0,0,21.97,25.56,46.11
23,1.77,177.0,7.0,10.0,3.0,5.0,3.0,1,1,3,2,2,1,1.0,1.0,1.0,1.0,1.0,1.0,0,0.0,0.0,0.0,0.0,1.0,0,1,1,4,0,1,0,0,0,0,0,0,2,0,25.68,19.91,59.79
19,1.54,103.0,7.0,5.0,3.0,2.0,5.0,0,1,0,2,2,1,1.0,0.0,0.0,1.0,1.0,1.0,0,0.0,1.0,0.0,0.0,0.0,3,0,2,4,1,1,0,0,1,0,1,0,3,0,19.74,22.66,37.58
22,1.6,125.0,7.0,7.0,4.0,5.0,5.0,0,1,3,1,2,0,1.0,1.0,1.0,1.0,1.0,1.0,1,1.0,0.0,0.0,0.0,1.0,0,1,1,4,0,1,1,0,1,0,0,0,0,2,22.19,26.29,44.21
47,1.35,145.0,-1.0,-1.0,-1.0,-1.0,-1.0,2,2,-1,-1,-1,-1,-1.0,-1.0,-1.0,-1.0,-1.0,-1.0,-1,-1.0,-1.0,-1.0,-1.0,-1.0,-1,-1,-1,-1,1,1,1,1,0,1,1,1,0,1,36.16,27.2,42.08
22,1.72,150.0,7.0,9.0,3.0,3.0,4.0,1,0,1,2,0,1,1.0,1.0,1.0,1.0,1.0,1.0,0,0.0,0.0,0.0,0.0,1.0,0,0,0,0,1,0,0,1,1,0,0,0,2,2,23.05,16.52,52.47
22,1.8,155.0,-1.0,-1.0,-1.0,-1.0,-1.0,1,2,-1,-1,-1,-1,-1.0,-1.0,-1.0,-1.0,-1.0,-1.0,-1,-1.0,-1.0,-1.0,-1.0,-1.0,-1,-1,-1,-1,1,1,1,0,1,0,0,0,0,0,21.75,14.96,55.13
46,1.71,197.0,6.0,6.0,3.0,1.0,4.0,1,1,0,1,3,1,0.0,0.0,1.0,0.0,0.0,0.0,1,0.0,1.0,0.0,0.0,0.0,1,1,2,3,0,0,1,0,1,1,0,0,0,0,30.62,31.12,62.13
22,1.7,75.0,-1.0,-1.0,-1.0,-1.0,-1.0,1,2,-1,-1,-1,-1,-1.0,-1.0,-1.0,-1.0,-1.0,-1.0,-1,-1.0,-1.0,-1.0,-1.0,-1.0,-1,-1,-1,-1,1,1,1,1,1,0,1,0,4,1,11.8,3.02,30.07
20,1.65,120.0,6.0,8.0,3.0,3.0,3.0,0,0,0,1,0,2,1.0,0.0,1.0,0.0,1.0,1.0,1,0.0,1.0,0.0,0.0,0.0,0,1,1,2,0,0,1,1,1,1,1,1,2,1,20.04,23.25,43.61
18,1.57,135.0,8.0,10.0,4.0,5.0,5.0,0,0,3,1,2,1,0.0,1.0,1.0,0.0,0.0,1.0,1,0.0,1.0,0.0,0.0,0.0,0,0,0,3,1,1,0,1,1,0,1,1,0,2,24.89,28.61,46.09
20,1.73,194.0,5.0,7.0,2.0,3.0,3.0,1,1,0,2,0,0,1.0,1.0,1.0,1.0,0.0,1.0,0,0.0,1.0,0.0,0.0,0.0,0,0,0,3,0,0,1,1,1,0,0,0,4,2,29.46,23.75,62.2
56,1.5,160.0,6.0,7.0,3.0,3.0,3.0,0,0,3,2,2,0,0.0,0.0,1.0,0.0,0.0,0.0,0,0.0,1.0,0.0,0.0,0.0,0,0,0,0,0,0,0,1,0,1,0,1,0,1,32.32,46.26,49.22
21,1.54,120.0,7.0,9.0,3.0,1.0,1.0,0,1,3,1,0,1,1.0,1.0,1.0,1.0,1.0,1.0,0,0.0,1.0,0.0,0.0,0.0,2,2,1,0,1,1,0,0,1,1,1,0,0,0,23.0,27.03,42.0
25,1.73,240.0,-1.0,-1.0,-1.0,-1.0,-1.0,1,2,-1,-1,-1,-1,-1.0,-1.0,-1.0,-1.0,-1.0,-1.0,-1,-1.0,-1.0,-1.0,-1.0,-1.0,-1,-1,-1,-1,0,0,1,0,1,0,0,1,0,0,36.45,33.29,69.33
22,1.7,145.0,-1.0,-1.0,-1.0,-1.0,-1.0,1,2,-1,-1,-1,-1,-1.0,-1.0,-1.0,-1.0,-1.0,-1.0,-1,-1.0,-1.0,-1.0,-1.0,-1.0,-1,-1,-1,-1,0,1,0,1,1,1,0,0,2,0,22.81,16.23,50.88
22,1.5,95.0,8.0,3.0,3.0,5.0,4.0,0,0,0,2,0,0,1.0,0.0,1.0,0.0,0.0,0.0,1,0.0,1.0,0.0,0.0,0.0,0,0,2,2,0,0,0,1,1,1,0,0,0,1,19.19,22.69,34.9
22,1.74,115.0,5.0,6.0,5.0,5.0,5.0,1,0,1,2,0,1,1.0,1.0,0.0,1.0,1.0,1.0,1,0.0,0.0,0.0,0.0,1.0,0,1,1,0,1,0,0,0,1,0,0,1,5,0,17.27,9.58,43.25
55,1.74,170.0,7.0,8.0,3.0,4.0,3.0,1,0,0,2,0,0,1.0,1.0,1.0,0.0,0.0,1.0,0,0.0,1.0,0.0,0.0,0.0,0,1,1,0,0,0,0,1,1,1,1,0,0,0,25.52,27.07,57.55
19,1.65,153.0,5.0,8.0,4.0,5.0,5.0,1,1,3,2,2,0,1.0,1.0,0.0,1.0,1.0,1.0,0,0.0,1.0,0.0,0.0,0.0,0,0,0,3,1,0,0,0,1,0,1,0,0,0,25.54,18.82,51.78
26,1.9,215.0,6.0,7.0,3.0,1.0,3.0,1,0,1,1,2,1,0.0,1.0,1.0,1.0,1.0,1.0,0,1.0,0.0,0.0,0.0,1.0,0,1,1,2,1,0,0,0,1,0,0,0,0,0,27.07,22.26,71.27
22,1.61,146.0,5.0,6.0,3.0,3.0,4.0,0,1,0,1,0,1,1.0,1.0,1.0,1.0,1.0,1.0,0,0.0,1.0,0.0,0.0,0.0,1,1,1,2,1,0,1,0,1,0,1,0,0,0,25.6,30.38,49.37
21,1.73,179.0,8.0,9.0,4.0,4.0,4.0,1,1,0,1,2,1,0.0,1.0,1.0,1.0,1.0,1.0,1,0.0,0.0,0.0,0.0,1.0,0,0,0,1,1,0,0,0,3,0,0,0,4,0,27.19,21.26,59.24
23,1.75,175.0,8.0,9.0,3.0,2.0,4.0,1,1,2,1,4,1,1.0,1.0,1.0,1.0,1.0,1.0,1,1.0,0.0,0.0,1.0,1.0,1,0,0,4,1,0,0,0,1,0,0,0,0,2,25.97,20.25,58.89
25,1.56,145.0,-1.0,-1.0,-1.0,-1.0,-1.0,0,2,-1,-1,-1,-1,-1.0,-1.0,-1.0,-1.0,-1.0,-1.0,-1,-1.0,-1.0,-1.0,-1.0,-1.0,-1,-1,-1,-1,0,0,1,1,1,1,0,1,2,0,27.08,32.85,48.06
23,1.75,160.0,7.0,8.0,4.0,3.0,4.0,1,1,0,1,2,0,1.0,1.0,1.0,1.0,1.0,1.0,1,0.0,0.0,0.0,1.0,1.0,1,1,1,2,1,1,0,0,1,0,1,0,0,0,23.75,17.59,55.45
22,1.5,98.0,6.0,7.0,2.0,3.0,4.0,0,1,3,4,1,1,1.0,1.0,1.0,1.0,1.0,1.0,1,0.0,1.0,0.0,0.0,0.0,0,1,1,3,1,1,0,1,3,1,1,0,0,0,19.8,23.42,35.73
16,1.8,150.0,7.0,10.0,5.0,3.0,4.0,1,1,3,1,1,1,1.0,1.0,1.0,1.0,1.0,1.0,1,1.0,0.0,0.0,0.0,0.0,1,1,1,1,1,0,0,0,1,0,0,0,0,2,21.04,12.73,53.84
21,1.64,160.0,-1.0,-1.0,-1.0,-1.0,-1.0,0,2,-1,-1,-1,-1,-1.0,-1.0,-1.0,-1.0,-1.0,-1.0,-1,-1.0,-1.0,-1.0,-1.0,-1.0,-1,-1,-1,-1,0,0,1,1,0,1,1,1,2,1,27.04,31.88,53.06
22,1.75,165.0,6.0,8.0,4.0,4.0,4.0,1,0,0,1,2,0,1.0,1.0,0.0,0.0,0.0,1.0,1,0.0,0.0,0.0,0.0,1.0,0,1,1,2,0,1,0,0,1,0,1,0,0,0,24.49,18.25,56.63
21,1.7,0.0,3.0,6.0,3.0,3.0,4.0,0,0,0,2,0,2,1.0,0.0,1.0,0.0,0.0,1.0,2,0.0,1.0,0.0,0.0,0.0,1,1,1,2,0,0,1,1,0,1,1,1,2,1,0.0,-0.57,0.0
21,1.5,115.0,5.0,4.0,1.0,3.0,2.0,0,1,3,1,0,1,0.0,1.0,1.0,1.0,0.0,1.0,1,0.0,0.0,0.0,0.0,1.0,0,1,1,4,1,1,1,1,1,0,0,0,5,2,23.23,27.31,40.13
20,1.7,140.0,8.0,9.0,3.0,4.0,5.0,1,1,0,1,0,0,0.0,1.0,0.0,1.0,1.0,1.0,0,0.0,1.0,0.0,0.0,0.0,2,0,0,2,1,1,0,0,1,0,1,0,3,0,22.02,14.82,49.62
21,1.82,172.0,7.0,8.0,4.0,2.0,3.0,1,0,0,1,2,1,1.0,1.0,0.0,1.0,1.0,1.0,1,0.0,1.0,0.0,0.0,0.0,1,1,1,1,1,0,1,1,3,0,0,1,0,2,23.6,16.95,59.73
22,1.75,125.0,-1.0,-1.0,-1.0,-1.0,-1.0,1,2,-1,-1,-1,-1,-1.0,-1.0,-1.0,-1.0,-1.0,-1.0,-1,-1.0,-1.0,-1.0,-1.0,-1.0,-1,-1,-1,-1,0,0,0,1,0,1,1,0,0,1,18.55,11.12,46.28
22,1.5,96.0,6.0,6.0,4.0,4.0,4.0,0,0,1,2,0,0,1.0,0.0,0.0,0.0,0.0,1.0,0,0.0,1.0,0.0,0.0,0.0,0,0,0,2,1,0,0,1,0,1,1,0,2,0,19.39,22.93,35.18
22,1.6,118.0,7.0,9.0,3.0,4.0,4.0,0,0,0,1,2,0,1.0,1.0,1.0,0.0,0.0,1.0,0,0.0,1.0,0.0,0.0,0.0,1,0,2,3,0,1,1,1,1,0,0,0,2,0,20.95,24.8,42.4
22,1.67,122.0,7.0,8.0,3.0,4.0,4.0,0,1,0,1,2,1,1.0,1.0,1.0,0.0,0.0,1.0,0,0.0,1.0,0.0,0.0,0.0,0,1,1,0,0,1,0,1,3,1,0,0,0,0,19.88,23.52,44.43
22,1.61,135.0,-1.0,-1.0,-1.0,-1.0,-1.0,0,2,-1,-1,-1,-1,-1.0,-1.0,-1.0,-1.0,-1.0,-1.0,-1,-1.0,-1.0,-1.0,-1.0,-1.0,-1,-1,-1,-1,0,0,1,1,1,1,1,0,0,0,23.67,28.06,46.84
22,1.6,129.0,7.0,7.0,4.0,5.0,5.0,0,1,0,1,0,0,1.0,1.0,0.0,1.0,0.0,1.0,2,0.0,0.0,0.0,0.0,1.0,0,1,1,2,0,1,0,1,1,1,1,0,2,0,22.9,27.14,45.21
19,1.65,110.0,-1.0,-1.0,-1.0,-1.0,-1.0,0,2,-1,-1,-1,-1,-1.0,-1.0,-1.0,-1.0,-1.0,-1.0,-1,-1.0,-1.0,-1.0,-1.0,-1.0,-1,-1,-1,-1,1,0,0,1,1,0,0,0,0,0,18.37,21.01,40.82
26,1.58,138.0,6.0,8.0,3.0,3.0,4.0,0,0,1,2,0,1,1.0,0.0,0.0,0.0,0.0,1.0,0,0.0,1.0,0.0,0.0,0.0,2,0,0,0,0,1,0,0,1,0,1,0,2,0,25.13,30.74,46.96
46,1.82,190.0,8.0,9.0,4.0,2.0,4.0,1,0,0,1,2,1,1.0,1.0,1.0,0.0,1.0,0.0,1,0.0,0.0,0.0,0.0,1.0,0,1,1,2,1,1,1,1,1,0,0,1,0,0,26.07,25.66,63.85
24,1.68,180.0,7.0,8.0,3.0,5.0,4.0,1,1,0,1,2,0,1.0,1.0,1.0,1.0,0.0,1.0,1,0.0,1.0,0.0,0.0,0.0,0,0,0,1,0,1,0,1,1,1,0,0,2,0,28.99,24.11,58.1
22,1.7,190.0,3.0,7.0,3.0,3.0,5.0,1,1,3,1,0,1,1.0,1.0,1.0,1.0,1.0,1.0,0,0.0,1.0,0.0,0.0,0.0,0,1,1,1,1,1,1,1,3,0,0,0,0,2,29.88,24.72,60.56
22,1.59,120.0,-1.0,-1.0,-1.0,-1.0,-1.0,0,2,-1,-1,-1,-1,-1.0,-1.0,-1.0,-1.0,-1.0,-1.0,-1,-1.0,-1.0,-1.0,-1.0,-1.0,-1,-1,-1,-1,1,0,1,0,1,1,0,0,0,0,21.58,25.56,42.77
22,1.64,137.0,-1.0,-1.0,-1.0,-1.0,-1.0,0,2,-1,-1,-1,-1,-1.0,-1.0,-1.0,-1.0,-1.0,-1.0,-1,-1.0,-1.0,-1.0,-1.0,-1.0,-1,-1,-1,-1,0,1,0,1,0,1,1,1,0,1,23.15,27.44,47.86
20,1.68,170.0,8.0,9.0,2.0,2.0,3.0,0,1,0,4,2,1,1.0,0.0,0.0,1.0,0.0,1.0,1,1.0,0.0,0.0,1.0,0.0,0,1,1,2,0,1,0,0,1,0,0,0,2,0,27.38,32.06,56.12
25,1.76,170.0,5.0,7.0,3.0,5.0,5.0,0,1,0,1,2,1,0.0,1.0,1.0,1.0,1.0,1.0,0,1.0,0.0,1.0,0.0,0.0,1,1,1,3,1,0,0,1,1,0,0,0,0,0,24.95,30.29,57.99
23,1.68,138.0,9.0,10.0,3.0,5.0,5.0,0,1,3,1,3,1,1.0,1.0,1.0,1.0,1.0,1.0,1,1.0,0.0,0.0,0.0,0.0,3,1,1,2,0,0,0,1,2,0,0,0,3,2,22.22,26.55,48.79
25,1.74,145.0,5.0,6.0,3.0,2.0,2.0,0,0,0,2,2,1,1.0,0.0,1.0,0.0,0.0,1.0,0,0.0,1.0,0.0,0.0,0.0,0,1,2,0,0,1,1,0,0,0,0,0,2,0,21.77,26.47,51.56
20,1.61,135.0,-1.0,-1.0,-1.0,-1.0,-1.0,0,2,-1,-1,-1,-1,-1.0,-1.0,-1.0,-1.0,-1.0,-1.0,-1,-1.0,-1.0,-1.0,-1.0,-1.0,-1,-1,-1,-1,0,1,1,0,0,0,0,1,0,0,23.67,27.6,46.84
20,1.6,124.0,-1.0,-1.0,-1.0,-1.0,-1.0,0,2,-1,-1,-1,-1,-1.0,-1.0,-1.0,-1.0,-1.0,-1.0,-1,-1.0,-1.0,-1.0,-1.0,-1.0,-1,-1,-1,-1,1,1,1,1,3,1,1,0,0,0,22.02,25.62,43.95
24,1.72,132.0,10.0,10.0,4.0,5.0,5.0,1,0,3,1,2,1,1.0,1.0,1.0,1.0,1.0,1.0,1,0.0,1.0,0.0,0.0,0.0,0,1,1,1,1,1,0,1,1,0,0,1,0,0,20.28,13.66,47.83
22,1.65,90.0,-1.0,-1.0,-1.0,-1.0,-1.0,1,2,-1,-1,-1,-1,-1.0,-1.0,-1.0,-1.0,-1.0,-1.0,-1,-1.0,-1.0,-1.0,-1.0,-1.0,-1,-1,-1,-1,1,0,0,1,1,1,1,1,0,1,15.03,6.9,34.76
24,1.69,128.0,8.0,8.0,4.0,5.0,5.0,1,0,2,1,3,0,1.0,0.0,1.0,0.0,0.0,1.0,1,0.0,1.0,0.0,0.0,0.0,0,0,0,4,0,0,0,1,1,0,0,0,0,0,20.37,13.76,46.33
26,1.6,144.0,8.0,10.0,3.0,3.0,3.0,1,0,0,2,1,1,1.0,1.0,0.0,1.0,1.0,1.0,0,0.0,1.0,0.0,0.0,0.0,0,1,1,3,1,0,0,0,1,0,1,0,0,0,25.57,20.46,48.72
21,1.63,130.0,5.0,5.0,3.0,1.0,2.0,0,1,2,1,2,1,0.0,1.0,0.0,1.0,1.0,1.0,0,0.0,0.0,0.0,0.0,1.0,0,0,0,2,1,1,1,0,1,1,1,0,3,0,22.24,26.12,45.95
17,1.63,180.0,6.0,8.0,3.0,5.0,5.0,0,0,0,2,0,1,1.0,1.0,1.0,1.0,1.0,1.0,0,0.0,0.0,0.0,0.0,1.0,2,1,1,3,1,0,1,0,1,1,1,0,0,0,30.79,35.46,56.63
21,1.54,110.0,8.0,9.0,4.0,3.0,4.0,0,1,3,1,2,1,1.0,1.0,1.0,1.0,1.0,1.0,0,0.0,0.0,0.0,0.0,1.0,0,1,1,2,1,0,0,1,1,0,0,0,0,0,21.08,24.73,39.46
24,1.67,120.0,-1.0,-1.0,-1.0,-1.0,-1.0,0,2,-1,-1,-1,-1,-1.0,-1.0,-1.0,-1.0,-1.0,-1.0,-1,-1.0,-1.0,-1.0,-1.0,-1.0,-1,-1,-1,-1,1,0,0,0,1,1,1,1,0,1,19.56,23.59,43.88
19,1.52,128.0,-1.0,-1.0,-1.0,-1.0,-1.0,0,2,-1,-1,-1,-1,-1.0,-1.0,-1.0,-1.0,-1.0,-1.0,-1,-1.0,-1.0,-1.0,-1.0,-1.0,-1,-1,-1,-1,0,0,1,1,0,0,1,0,0,1,25.18,29.19,43.53
21,1.7,158.0,6.0,8.0,3.0,1.0,5.0,1,1,0,1,0,1,1.0,1.0,0.0,1.0,1.0,1.0,0,0.0,1.0,0.0,0.0,0.0,0,1,1,3,1,1,1,1,1,0,0,0,4,1,24.85,18.45,53.97
22,1.55,112.0,7.0,7.0,3.0,1.0,1.0,0,1,0,1,0,0,1.0,0.0,1.0,0.0,0.0,1.0,1,0.0,1.0,0.0,0.0,0.0,1,1,1,2,0,1,0,1,1,1,1,0,2,1,21.19,25.09,40.12
21,1.57,117.0,6.0,6.0,4.0,5.0,5.0,0,0,0,2,0,1,1.0,1.0,1.0,0.0,0.0,1.0,0,0.0,1.0,0.0,0.0,0.0,0,0,0,0,0,0,1,1,0,0,0,0,0,0,21.58,25.33,41.71
25,1.78,212.0,6.0,8.0,4.0,4.0,3.0,1,1,0,1,3,1,1.0,1.0,1.0,1.0,1.0,1.0,1,0.0,0.0,1.0,0.0,1.0,1,0,0,4,0,1,0,0,1,0,0,0,4,0,30.41,26.04,67.06
23,1.52,110.0,9.0,8.0,4.0,3.0,4.0,0,1,3,1,3,1,1.0,1.0,1.0,1.0,1.0,1.0,1,0.0,0.0,0.0,0.0,1.0,1,1,1,3,0,1,0,1,3,0,0,0,2,0,21.64,25.86,39.18
22,1.64,149.0,6.0,8.0,4.0,5.0,4.0,0,1,2,1,0,1,1.0,1.0,1.0,1.0,1.0,1.0,1,0.0,1.0,0.0,0.0,0.0,1,1,1,3,1,1,1,1,1,0,0,0,0,2,25.18,29.88,50.67
26,1.74,168.0,8.0,9.0,4.0,1.0,3.0,1,1,3,2,2,1,1.0,1.0,0.0,1.0,1.0,1.0,0,0.0,1.0,0.0,0.0,0.0,0,1,1,3,1,0,0,0,0,0,1,0,0,0,25.22,20.04,57.1
22,1.65,123.0,-1.0,-1.0,-1.0,-1.0,-1.0,0,2,-1,-1,-1,-1,-1.0,-1.0,-1.0,-1.0,-1.0,-1.0,-1,-1.0,-1.0,-1.0,-1.0,-1.0,-1,-1,-1,-1,0,0,0,1,0,0,0,0,2,0,20.54,24.31,44.43
33,1.61,110.0,7.0,8.0,3.0,3.0,3.0,0,0,0,2,2,1,1.0,1.0,0.0,1.0,0.0,1.0,1,0.0,1.0,0.0,0.0,0.0,1,1,1,3,1,0,0,1,1,1,1,1,0,0,19.29,25.34,40.35
22,1.73,184.0,7.0,9.0,3.0,1.0,4.0,1,1,0,1,2,1,0.0,1.0,0.0,1.0,1.0,1.0,1,0.0,0.0,0.0,0.0,1.0,1,1,1,1,1,1,1,1,1,0,0,0,0,0,27.94,22.39,60.27
23,1.64,130.0,7.0,7.0,5.0,4.0,4.0,0,1,0,2,2,1,1.0,1.0,0.0,1.0,1.0,1.0,0,0.0,1.0,0.0,0.0,0.0,3,1,1,2,0,1,0,1,1,0,0,0,0,0,21.97,26.25,46.11
22,1.6,140.0,-1.0,-1.0,-1.0,-1.0,-1.0,0,2,-1,-1,-1,-1,-1.0,-1.0,-1.0,-1.0,-1.0,-1.0,-1,-1.0,-1.0,-1.0,-1.0,-1.0,-1,-1,-1,-1,0,0,1,1,0,0,0,0,2,1,24.86,29.49,47.82
23,1.58,165.0,7.0,8.0,3.0,3.0,3.0,0,0,0,2,2,0,1.0,1.0,1.0,0.0,0.0,1.0,1,0.0,1.0,0.0,0.0,0.0,0,1,1,2,0,0,1,1,0,0,0,1,0,0,30.04,35.94,52.47
24,1.58,156.0,-1.0,-1.0,-1.0,-1.0,-1.0,0,2,-1,-1,-1,-1,-1.0,-1.0,-1.0,-1.0,-1.0,-1.0,-1,-1.0,-1.0,-1.0,-1.0,-1.0,-1,-1,-1,-1,0,0,1,0,1,1,1,0,0,1,28.4,34.2,50.77
24,1.63,128.0,6.0,8.0,3.0,3.0,4.0,0,0,3,1,0,1,1.0,1.0,1.0,0.0,0.0,1.0,0,0.0,1.0,0.0,0.0,0.0,1,0,0,0,0,1,0,1,1,0,1,1,0,0,21.9,26.4,45.44
22,1.65,135.0,6.0,8.0,4.0,5.0,5.0,0,1,3,1,2,1,1.0,1.0,1.0,1.0,1.0,1.0,1,0.0,0.0,0.0,1.0,0.0,0,1,1,3,0,0,0,1,1,0,0,0,4,0,22.54,26.71,47.53
22,1.6,130.0,6.0,9.0,3.0,5.0,3.0,0,1,3,1,0,1,1.0,1.0,0.0,1.0,1.0,1.0,0,0.0,0.0,0.0,0.0,1.0,0,1,1,3,1,0,1,0,1,1,1,0,0,1,23.08,27.36,45.45
21,1.78,214.0,5.0,7.0,3.0,3.0,3.0,1,0,0,2,0,1,1.0,1.0,1.0,0.0,1.0,1.0,0,0.0,1.0,0.0,0.0,0.0,1,1,1,1,0,0,1,1,0,0,0,1,0,0,30.7,25.47,67.41
23,1.81,158.0,5.0,8.0,3.0,2.0,3.0,1,1,0,1,0,1,1.0,1.0,0.0,1.0,1.0,1.0,1,0.0,0.0,0.0,0.0,1.0,0,1,1,3,1,1,0,0,1,1,1,0,0,0,21.92,15.39,56.08
25,1.68,170.0,7.0,6.0,3.0,4.0,4.0,1,0,1,2,2,0,1.0,0.0,1.0,0.0,1.0,1.0,1,0.0,1.0,0.0,0.0,0.0,1,0,0,1,0,0,0,1,1,1,1,1,3,0,27.38,22.41,56.12
26,1.8,165.0,-1.0,-1.0,-1.0,-1.0,-1.0,1,2,-1,-1,-1,-1,-1.0,-1.0,-1.0,-1.0,-1.0,-1.0,-1,-1.0,-1.0,-1.0,-1.0,-1.0,-1,-1,-1,-1,0,0,1,0,1,0,0,1,2,0,23.15,17.56,57.64
22,1.8,180.0,9.0,9.0,4.0,4.0,1.0,1,1,3,4,1,1,1.0,1.0,1.0,1.0,1.0,1.0,1,1.0,0.0,0.0,1.0,1.0,1,1,1,1,1,1,0,1,3,0,0,0,0,2,25.25,19.16,61.16
22,1.8,179.0,7.0,7.0,1.0,3.0,4.0,1,1,0,1,1,1,1.0,1.0,1.0,1.0,1.0,1.0,0,0.0,0.0,0.0,0.0,1.0,0,1,1,3,0,1,0,0,1,0,0,0,4,0,25.11,18.99,60.93
23,1.86,160.0,4.0,3.0,1.0,1.0,2.0,1,0,1,2,0,1,1.0,1.0,1.0,1.0,1.0,1.0,2,0.0,1.0,0.0,0.0,0.0,2,0,1,0,1,0,0,1,0,0,1,1,0,0,21.02,14.31,57.44
22,1.76,80.0,7.0,7.0,4.0,3.0,3.0,1,1,3,1,2,1,0.0,1.0,1.0,1.0,1.0,1.0,1,0.0,1.0,0.0,0.0,0.0,1,1,1,1,1,1,1,0,3,0,0,0,0,0,11.74,2.95,32.09
22,1.81,183.0,6.0,7.0,3.0,3.0,4.0,1,1,3,1,2,1,0.0,1.0,1.0,1.0,1.0,1.0,0,0.0,0.0,0.0,0.0,1.0,2,1,1,4,0,1,1,0,1,0,0,0,0,0,25.39,19.33,62.06
24,1.8,220.0,-1.0,-1.0,-1.0,-1.0,-1.0,1,2,-1,-1,-1,-1,-1.0,-1.0,-1.0,-1.0,-1.0,-1.0,-1,-1.0,-1.0,-1.0,-1.0,-1.0,-1,-1,-1,-1,0,1,1,1,0,1,1,1,0,0,30.86,26.35,69.14
24,1.7,140.0,9.0,8.0,4.0,2.0,4.0,0,1,3,4,2,1,1.0,1.0,1.0,1.0,1.0,1.0,0,1.0,0.0,0.0,0.0,1.0,0,1,1,3,1,0,0,1,3,0,1,0,0,2,22.02,26.54,49.62
50,1.67,178.0,6.0,5.0,3.0,3.0,3.0,0,1,3,1,2,0,0.0,1.0,1.0,0.0,0.0,1.0,0,0.0,1.0,0.0,0.0,0.0,0,0,2,3,1,0,1,1,1,1,1,0,0,1,29.01,40.91,57.44
29,1.72,130.0,-1.0,-1.0,-1.0,-1.0,-1.0,0,2,-1,-1,-1,-1,-1.0,-1.0,-1.0,-1.0,-1.0,-1.0,-1,-1.0,-1.0,-1.0,-1.0,-1.0,-1,-1,-1,-1,0,0,0,1,0,1,0,1,4,0,19.97,25.23,47.29
21,1.64,125.0,8.0,8.0,3.0,4.0,4.0,0,0,3,1,2,1,1.0,1.0,1.0,1.0,1.0,1.0,1,0.0,1.0,0.0,0.0,0.0,1,0,0,2,0,0,0,1,1,0,0,1,5,2,21.13,24.79,44.81
20,1.82,153.0,7.0,9.0,4.0,3.0,4.0,1,1,3,1,2,1,1.0,1.0,0.0,1.0,1.0,1.0,1,0.0,0.0,0.0,0.0,1.0,0,1,1,1,1,1,0,1,1,0,1,0,0,0,21.0,13.6,54.94
50,1.73,172.0,-1.0,-1.0,-1.0,-1.0,-1.0,1,2,-1,-1,-1,-1,-1.0,-1.0,-1.0,-1.0,-1.0,-1.0,-1,-1.0,-1.0,-1.0,-1.0,-1.0,-1,-1,-1,-1,0,0,0,1,0,1,1,0,0,0,26.12,26.64,57.76
22,1.76,203.0,5.0,8.0,4.0,2.0,4.0,1,1,1,1,0,1,0.0,1.0,1.0,1.0,1.0,1.0,1,0.0,1.0,0.0,0.0,0.0,0,0,0,2,1,0,1,1,1,0,0,0,0,2,29.79,24.61,64.78
22,1.64,120.0,-1.0,-1.0,-1.0,-1.0,-1.0,0,2,-1,-1,-1,-1,-1.0,-1.0,-1.0,-1.0,-1.0,-1.0,-1,-1.0,-1.0,-1.0,-1.0,-1.0,-1,-1,-1,-1,1,1,0,1,1,0,1,1,0,0,20.28,24.0,43.48
23,1.7,170.0,5.0,2.0,2.0,1.0,3.0,1,1,1,1,0,2,0.0,1.0,1.0,1.0,1.0,0.0,1,0.0,1.0,0.0,0.0,0.0,0,2,1,0,1,1,1,0,1,0,1,0,0,0,26.74,21.18,56.61
48,1.64,165.0,7.0,7.0,4.0,3.0,3.0,1,0,1,2,2,0,0.0,0.0,1.0,0.0,0.0,0.0,0,0.0,1.0,0.0,0.0,0.0,1,1,1,2,0,0,0,1,1,1,1,0,0,1,27.89,28.31,54.08
21,1.58,106.0,6.0,9.0,4.0,5.0,5.0,0,1,3,1,1,1,1.0,1.0,1.0,0.0,0.0,1.0,0,0.0,0.0,0.0,0.0,1.0,1,1,1,4,1,1,0,1,1,0,0,0,0,2,19.3,22.59,38.88
50,1.6,154.0,7.0,8.0,3.0,3.0,3.0,1,0,0,2,0,1,1.0,1.0,1.0,0.0,1.0,0.0,2,0.0,1.0,0.0,0.0,0.0,1,0,0,0,0,0,0,1,0,1,1,1,2,1,27.34,28.11,50.86
21,1.63,143.0,5.0,9.0,3.0,4.0,5.0,0,1,3,1,0,1,1.0,1.0,1.0,1.0,1.0,1.0,1,0.0,1.0,0.0,0.0,0.0,0,1,1,3,1,0,1,0,1,0,0,0,4,0,24.46,28.78,49.1
23,1.69,185.0,4.0,7.0,1.0,3.0,2.0,1,1,3,2,2,1,0.0,1.0,1.0,1.0,0.0,0.0,2,0.0,1.0,0.0,0.0,0.0,0,0,2,2,0,0,1,0,1,1,1,1,0,0,29.44,24.42,59.33
23,1.65,140.0,7.0,8.0,3.0,4.0,3.0,1,1,3,1,-1,1,1.0,1.0,1.0,0.0,1.0,1.0,1,0.0,1.0,0.0,0.0,0.0,0,1,1,3,0,1,0,1,1,0,1,0,0,0,23.37,17.13,48.76
50,1.7,209.0,-1.0,-1.0,-1.0,-1.0,-1.0,1,2,-1,-1,-1,-1,-1.0,-1.0,-1.0,-1.0,-1.0,-1.0,-1,-1.0,-1.0,-1.0,-1.0,-1.0,-1,-1,-1,-1,0,0,1,1,0,0,0,1,2,0,32.87,34.74,63.77
22,1.6,140.0,-1.0,-1.0,-1.0,-1.0,-1.0,0,2,-1,-1,-1,-1,-1.0,-1.0,-1.0,-1.0,-1.0,-1.0,-1,-1.0,-1.0,-1.0,-1.0,-1.0,-1,-1,-1,-1,0,0,1,1,0,0,0,0,2,1,24.86,29.49,47.82
30,1.8,110.0,8.0,9.0,3.0,1.0,4.0,1,1,3,1,0,1,1.0,1.0,1.0,1.0,1.0,1.0,1,0.0,1.0,0.0,0.0,0.0,1,0,0,0,1,1,0,0,1,0,0,0,0,0,15.43,9.22,42.28
21,1.6,130.0,7.0,7.0,3.0,3.0,3.0,0,1,0,2,2,1,0.0,1.0,0.0,1.0,1.0,1.0,1,1.0,0.0,0.0,1.0,1.0,0,0,0,3,1,1,0,1,0,0,1,0,5,0,23.08,27.13,45.45
50,1.65,175.0,3.0,3.0,2.0,3.0,3.0,1,0,1,2,0,1,0.0,1.0,1.0,0.0,1.0,0.0,0,0.0,1.0,0.0,0.0,0.0,1,0,2,0,0,0,1,0,1,1,1,0,0,1,29.22,30.36,56.3
22,1.5,108.0,7.0,9.0,5.0,5.0,5.0,0,1,0,1,0,1,0.0,1.0,0.0,1.0,1.0,1.0,0,0.0,1.0,0.0,0.0,0.0,1,1,1,3,1,0,0,1,1,0,1,0,0,0,21.82,25.84,38.38
21,1.66,129.0,8.0,10.0,3.0,2.0,5.0,0,0,0,1,2,1,1.0,1.0,1.0,0.0,0.0,1.0,0,0.0,1.0,0.0,0.0,0.0,0,0,0,2,0,1,0,1,1,0,0,1,0,0,21.28,24.97,46.16
21,1.5,102.0,10.0,10.0,4.0,5.0,4.0,0,1,0,1,0,1,1.0,1.0,1.0,1.0,0.0,1.0,1,0.0,1.0,0.0,0.0,0.0,1,1,1,2,1,1,0,1,1,1,0,0,0,0,20.61,24.16,36.81
19,1.78,157.0,8.0,7.0,4.0,4.0,2.0,1,1,3,1,2,1,1.0,1.0,1.0,0.0,0.0,1.0,1,0.0,0.0,1.0,0.0,1.0,1,0,0,3,1,0,1,0,1,0,0,0,5,0,22.52,15.19,55.29
48,1.74,225.0,6.0,6.0,3.0,3.0,3.0,1,0,0,2,2,0,0.0,1.0,0.0,0.0,0.0,0.0,0,0.0,1.0,0.0,0.0,0.0,0,1,1,3,0,0,0,1,0,1,1,1,2,2,33.78,35.38,67.72
39,1.6,123.0,6.0,8.0,4.0,2.0,3.0,0,1,0,1,4,0,1.0,1.0,1.0,1.0,1.0,1.0,0,0.0,0.0,1.0,0.0,1.0,0,1,1,3,0,1,0,1,1,0,0,0,0,2,21.84,29.78,43.7
46,1.6,120.0,7.0,8.0,3.0,2.0,2.0,0,1,1,1,4,1,0.0,0.0,0.0,0.0,0.0,1.0,1,0.0,1.0,0.0,0.0,0.0,0,0,0,0,0,0,0,1,1,1,1,0,0,1,21.31,30.75,42.92
22,1.78,140.0,8.0,8.0,4.0,3.0,4.0,1,1,3,1,0,1,0.0,1.0,0.0,1.0,1.0,1.0,1,1.0,0.0,0.0,1.0,0.0,0,1,1,3,1,0,0,0,1,0,0,0,0,0,20.08,12.96,50.86
21,1.7,170.0,10.0,10.0,3.0,3.0,5.0,1,0,0,1,0,0,1.0,0.0,1.0,0.0,0.0,1.0,1,0.0,1.0,0.0,0.0,0.0,0,1,1,1,0,0,1,1,0,1,0,0,0,0,26.74,20.72,56.61
41,1.63,125.0,7.0,7.0,4.0,3.0,5.0,0,0,0,2,4,1,1.0,1.0,1.0,1.0,1.0,1.0,1,0.0,1.0,0.0,0.0,0.0,1,1,1,3,0,1,0,1,0,0,0,1,0,0,21.39,29.7,44.66
23,1.57,125.0,6.0,9.0,2.0,2.0,2.0,0,1,0,1,0,1,0.0,1.0,0.0,1.0,0.0,1.0,0,0.0,1.0,0.0,0.0,0.0,2,0,2,3,1,1,0,0,1,1,1,0,0,0,23.05,27.55,43.72
21,1.7,170.0,5.0,7.0,3.0,4.0,4.0,1,0,1,1,0,0,0.0,0.0,1.0,0.0,0.0,1.0,0,0.0,1.0,0.0,0.0,0.0,1,0,2,0,0,0,0,1,0,1,0,0,0,0,26.74,20.72,56.61
22,1.6,106.0,9.0,8.0,4.0,3.0,4.0,0,1,3,2,2,1,1.0,1.0,1.0,1.0,1.0,1.0,1,0.0,0.0,0.0,0.0,1.0,0,1,1,2,1,0,0,0,1,0,0,0,0,0,18.82,22.24,39.11
21,1.67,155.0,-1.0,-1.0,-1.0,-1.0,-1.0,0,2,-1,-1,-1,-1,-1.0,-1.0,-1.0,-1.0,-1.0,-1.0,-1,-1.0,-1.0,-1.0,-1.0,-1.0,-1,-1,-1,-1,0,0,1,0,1,1,1,1,2,0,25.26,29.74,52.66
20,1.58,110.0,6.0,6.0,4.0,4.0,4.0,0,0,3,2,0,1,1.0,0.0,1.0,0.0,0.0,1.0,1,0.0,0.0,0.0,0.0,1.0,2,1,1,2,0,1,0,1,1,1,1,1,2,0,20.03,23.24,39.98
22,1.58,160.0,6.0,7.0,3.0,3.0,3.0,0,1,1,2,0,1,1.0,1.0,1.0,1.0,1.0,1.0,0,1.0,0.0,0.0,0.0,0.0,0,0,2,3,0,0,0,1,0,0,0,0,0,0,29.13,34.62,51.54
32,1.55,128.0,7.0,9.0,4.0,3.0,3.0,0,0,1,2,0,1,0.0,0.0,1.0,0.0,0.0,0.0,2,0.0,1.0,0.0,0.0,0.0,1,0,0,2,0,1,1,1,0,1,1,1,0,0,24.22,31.02,44.09
49,1.7,175.0,7.0,10.0,3.0,2.0,2.0,1,1,0,1,0,1,0.0,1.0,0.0,0.0,1.0,1.0,1,0.0,1.0,0.0,0.0,0.0,2,2,2,2,0,0,0,1,1,0,0,0,0,1,27.52,28.09,57.65
20,1.5,97.0,-1.0,-1.0,-1.0,-1.0,-1.0,0,2,-1,-1,-1,-1,-1.0,-1.0,-1.0,-1.0,-1.0,-1.0,-1,-1.0,-1.0,-1.0,-1.0,-1.0,-1,-1,-1,-1,1,0,0,0,1,0,1,0,3,0,19.6,22.72,35.45
20,1.5,97.0,-1.0,-1.0,-1.0,-1.0,-1.0,0,2,-1,-1,-1,-1,-1.0,-1.0,-1.0,-1.0,-1.0,-1.0,-1,-1.0,-1.0,-1.0,-1.0,-1.0,-1,-1,-1,-1,1,0,0,0,1,0,1,0,3,0,19.6,22.72,35.45
23,1.67,200.0,5.0,5.0,3.0,3.0,5.0,0,0,0,2,0,0,1.0,1.0,1.0,0.0,0.0,1.0,0,0.0,0.0,1.0,0.0,0.0,0,0,0,4,0,0,1,1,1,0,0,0,2,0,32.6,39.01,61.27
22,1.92,187.0,7.0,9.0,3.0,2.0,2.0,1,1,3,3,4,1,1.0,1.0,1.0,1.0,1.0,1.0,1,1.0,0.0,0.0,1.0,1.0,1,0,0,1,1,1,0,1,2,0,0,0,0,2,23.06,16.53,65.4
48,1.8,182.0,-1.0,-1.0,-1.0,-1.0,-1.0,1,2,-1,-1,-1,-1,-1.0,-1.0,-1.0,-1.0,-1.0,-1.0,-1,-1.0,-1.0,-1.0,-1.0,-1.0,-1,-1,-1,-1,0,0,0,1,0,1,0,0,0,0,25.53,25.48,61.61
22,1.56,130.0,7.0,8.0,4.0,3.0,3.0,0,0,3,2,1,0,0.0,1.0,0.0,1.0,0.0,1.0,0,1.0,0.0,0.0,0.0,1.0,0,1,1,2,1,1,0,0,1,0,1,0,0,0,24.28,28.8,44.74
56,1.7,157.0,5.0,6.0,3.0,5.0,3.0,1,0,0,2,0,1,1.0,1.0,1.0,1.0,1.0,1.0,0,0.0,1.0,0.0,0.0,0.0,0,0,2,0,1,0,0,0,0,1,1,1,0,0,24.69,26.31,53.74
50,1.78,180.0,7.0,7.0,4.0,3.0,3.0,1,1,0,2,4,2,0.0,0.0,1.0,0.0,0.0,0.0,0,0.0,1.0,0.0,0.0,0.0,0,0,0,3,0,0,1,0,1,1,0,0,2,0,25.82,26.28,60.69
22,1.72,130.0,-1.0,-1.0,-1.0,-1.0,-1.0,1,2,-1,-1,-1,-1,-1.0,-1.0,-1.0,-1.0,-1.0,-1.0,-1,-1.0,-1.0,-1.0,-1.0,-1.0,-1,-1,-1,-1,1,1,0,1,1,0,0,1,0,0,19.97,12.82,47.29
22,1.79,135.0,-1.0,-1.0,-1.0,-1.0,-1.0,1,2,-1,-1,-1,-1,-1.0,-1.0,-1.0,-1.0,-1.0,-1.0,-1,-1.0,-1.0,-1.0,-1.0,-1.0,-1,-1,-1,-1,1,0,0,0,0,0,0,0,1,0,19.15,11.84,49.61
21,1.6,160.0,5.0,8.0,3.0,3.0,3.0,1,1,3,1,2,1,1.0,1.0,1.0,1.0,1.0,1.0,0,0.0,1.0,0.0,0.0,0.0,0,0,0,1,1,1,1,1,1,0,0,0,1,2,28.41,22.72,52.07
23,1.67,180.0,8.0,6.0,3.0,2.0,4.0,0,1,3,4,2,0,0.0,1.0,1.0,1.0,0.0,1.0,1,1.0,0.0,0.0,0.0,1.0,0,1,1,3,1,0,1,0,3,0,0,0,0,0,29.34,35.1,57.81
27,1.71,123.0,3.0,7.0,1.0,2.0,5.0,0,1,0,1,0,1,1.0,1.0,1.0,1.0,1.0,1.0,2,0.0,1.0,0.0,0.0,0.0,0,2,1,0,0,1,1,1,1,0,0,0,0,2,19.12,23.75,45.22
24,1.89,240.0,-1.0,-1.0,-1.0,-1.0,-1.0,1,2,-1,-1,-1,-1,-1.0,-1.0,-1.0,-1.0,-1.0,-1.0,-1,-1.0,-1.0,-1.0,-1.0,-1.0,-1,-1,-1,-1,0,0,1,1,1,1,0,1,0,0,30.54,25.97,75.77
26,1.78,200.0,-1.0,-1.0,-1.0,-1.0,-1.0,1,2,-1,-1,-1,-1,-1.0,-1.0,-1.0,-1.0,-1.0,-1.0,-1,-1.0,-1.0,-1.0,-1.0,-1.0,-1,-1,-1,-1,0,0,1,1,1,1,1,1,2,0,28.69,24.21,64.83
24,1.7,140.0,9.0,8.0,4.0,2.0,4.0,0,1,3,4,2,1,1.0,1.0,1.0,1.0,1.0,1.0,1,1.0,0.0,0.0,0.0,1.0,0,0,0,3,1,1,0,1,3,0,1,0,0,2,22.02,26.54,49.62
19,1.8,160.0,-1.0,-1.0,-1.0,-1.0,-1.0,1,2,-1,-1,-1,-1,-1.0,-1.0,-1.0,-1.0,-1.0,-1.0,-1,-1.0,-1.0,-1.0,-1.0,-1.0,-1,-1,-1,-1,1,1,1,1,1,1,0,1,2,0,22.45,15.11,56.4
20,1.6,118.0,-1.0,-1.0,-1.0,-1.0,-1.0,0,2,-1,-1,-1,-1,-1.0,-1.0,-1.0,-1.0,-1.0,-1.0,-1,-1.0,-1.0,-1.0,-1.0,-1.0,-1,-1,-1,-1,0,1,1,1,0,1,1,1,2,1,20.95,24.34,42.4
19,1.75,165.0,-1.0,-1.0,-1.0,-1.0,-1.0,1,2,-1,-1,-1,-1,-1.0,-1.0,-1.0,-1.0,-1.0,-1.0,-1,-1.0,-1.0,-1.0,-1.0,-1.0,-1,-1,-1,-1,1,1,1,0,3,0,0,0,4,0,24.49,17.56,56.63
19,1.6,160.0,5.0,6.0,4.0,5.0,5.0,0,0,1,2,2,1,1.0,1.0,1.0,0.0,0.0,1.0,0,0.0,1.0,0.0,0.0,0.0,0,1,1,3,0,1,1,1,0,0,0,0,0,0,28.41,33.06,52.07
19,1.7,243.6,-1.0,-1.0,-1.0,-1.0,-1.0,1,2,-1,-1,-1,-1,-1.0,-1.0,-1.0,-1.0,-1.0,-1.0,-1,-1.0,-1.0,-1.0,-1.0,-1.0,-1,-1,-1,-1,0,0,0,1,0,1,1,1,0,0,38.31,34.14,68.31
19,1.75,217.0,7.0,10.0,5.0,5.0,5.0,1,1,3,1,2,1,1.0,1.0,1.0,1.0,1.0,1.0,1,1.0,0.0,0.0,1.0,1.0,0,0,0,3,1,1,1,0,1,0,0,0,0,2,32.21,26.82,66.87
20,1.58,142.0,5.0,5.0,3.0,4.0,5.0,0,0,0,1,2,2,0.0,0.0,1.0,0.0,0.0,0.0,1,0.0,1.0,0.0,0.0,0.0,0,0,0,2,0,0,1,1,1,1,0,1,0,0,25.86,30.23,47.85
18,1.79,130.0,9.0,10.0,5.0,4.0,5.0,1,1,1,1,2,1,1.0,1.0,1.0,1.0,1.0,1.0,1,0.0,1.0,0.0,0.0,0.0,0,0,0,2,1,0,0,0,1,0,0,0,3,0,18.44,10.07,48.19
19,1.6,140.0,5.0,2.0,3.0,1.0,2.0,1,1,3,4,3,1,0.0,1.0,0.0,1.0,1.0,1.0,1,0.0,0.0,0.0,1.0,0.0,0,1,1,2,1,0,0,0,3,0,0,0,0,2,24.86,18.0,47.82
19,1.72,189.0,5.0,7.0,4.0,5.0,5.0,1,0,0,1,1,0,1.0,1.0,1.0,0.0,0.0,1.0,0,0.0,0.0,1.0,0.0,0.0,0,1,1,0,0,1,1,1,1,0,0,0,0,0,29.04,23.02,60.96
19,1.7,130.0,-1.0,-1.0,-1.0,-1.0,-1.0,0,2,-1,-1,-1,-1,-1.0,-1.0,-1.0,-1.0,-1.0,-1.0,-1,-1.0,-1.0,-1.0,-1.0,-1.0,-1,-1,-1,-1,0,1,0,0,1,0,0,0,3,0,20.45,23.51,47.01
19,1.61,112.0,-1.0,-1.0,-1.0,-1.0,-1.0,0,2,-1,-1,-1,-1,-1.0,-1.0,-1.0,-1.0,-1.0,-1.0,-1,-1.0,-1.0,-1.0,-1.0,-1.0,-1,-1,-1,-1,0,1,0,0,1,0,0,0,3,0,19.64,22.54,40.91
19,1.6,100.0,10.0,6.0,2.0,5.0,5.0,0,1,3,2,2,1,1.0,1.0,1.0,1.0,1.0,1.0,1,0.0,1.0,0.0,0.0,0.0,0,0,0,2,1,1,0,0,1,0,0,0,3,2,17.76,20.28,37.38
20,1.6,117.0,-1.0,-1.0,-1.0,-1.0,-1.0,0,2,-1,-1,-1,-1,-1.0,-1.0,-1.0,-1.0,-1.0,-1.0,-1,-1.0,-1.0,-1.0,-1.0,-1.0,-1,-1,-1,-1,0,1,1,1,0,1,1,1,2,1,20.77,24.12,42.14
19,1.75,125.0,4.0,5.0,3.0,4.0,4.0,1,0,0,2,0,1,1.0,1.0,0.0,1.0,1.0,1.0,1,0.0,0.0,0.0,0.0,1.0,2,0,0,4,1,1,0,1,1,1,0,0,3,2,18.55,10.43,46.28
19,1.75,217.0,7.0,10.0,5.0,5.0,5.0,1,1,3,1,2,1,1.0,1.0,1.0,1.0,1.0,1.0,1,1.0,0.0,0.0,1.0,1.0,0,0,0,3,1,1,1,1,1,0,0,0,0,2,32.21,26.82,66.87
19,1.6,160.0,5.0,6.0,4.0,5.0,5.0,0,0,1,2,0,1,1.0,1.0,1.0,0.0,1.0,1.0,0,0.0,0.0,1.0,0.0,0.0,0,1,1,3,1,0,1,1,0,1,0,1,0,0,28.41,33.06,52.07
19,1.76,147.0,10.0,10.0,4.0,3.0,3.0,1,1,0,1,2,1,1.0,1.0,0.0,1.0,1.0,1.0,1,0.0,1.0,0.0,0.0,0.0,0,1,1,2,1,1,0,1,1,0,0,0,0,0,21.57,14.05,52.41
19,1.75,132.0,7.0,10.0,5.0,5.0,5.0,1,1,1,1,2,1,1.0,1.0,1.0,1.0,1.0,1.0,1,0.0,1.0,0.0,0.0,0.0,0,0,0,2,1,0,0,0,1,0,0,0,3,0,19.59,11.68,48.25
20,1.75,145.0,10.0,10.0,5.0,1.0,1.0,1,1,0,2,4,0,1.0,1.0,0.0,1.0,1.0,1.0,0,0.0,1.0,0.0,0.0,0.0,1,0,1,3,0,0,0,1,0,0,0,1,5,0,21.52,14.22,51.73
19,1.78,120.0,8.0,8.0,4.0,4.0,3.0,1,1,0,1,1,1,1.0,1.0,1.0,1.0,1.0,1.0,1,0.0,1.0,0.0,0.0,0.0,2,1,1,3,1,1,0,1,1,0,0,0,0,0,17.22,8.83,45.15
18,1.7,165.5,6.0,6.0,4.0,4.0,2.0,0,1,0,1,0,1,0.0,1.0,0.0,1.0,1.0,1.0,0,0.0,1.0,0.0,0.0,0.0,2,0,0,3,1,1,1,0,1,0,1,0,0,0,26.03,29.98,55.65
19,1.7,120.0,7.0,10.0,2.0,4.0,4.0,1,0,0,1,1,0,0.0,0.0,1.0,0.0,0.0,0.0,0,0.0,1.0,0.0,0.0,0.0,0,2,0,0,1,0,0,1,3,1,1,1,3,0,18.87,10.81,44.25
19,1.7,150.0,6.0,7.0,3.0,5.0,5.0,1,0,0,1,0,0,1.0,1.0,1.0,0.0,0.0,1.0,0,0.0,1.0,0.0,0.0,0.0,0,0,0,3,0,0,1,1,1,1,1,1,0,0,23.59,16.48,52.1
21,1.6,114.0,-1.0,-1.0,-1.0,-1.0,-1.0,0,2,-1,-1,-1,-1,-1.0,-1.0,-1.0,-1.0,-1.0,-1.0,-1,-1.0,-1.0,-1.0,-1.0,-1.0,-1,-1,-1,-1,0,0,0,1,1,1,1,0,0,1,20.24,23.72,41.33
21,1.74,155.0,4.0,9.0,5.0,3.0,3.0,1,1,1,2,0,1,1.0,1.0,0.0,0.0,1.0,0.0,0,0.0,0.0,0.0,0.0,1.0,0,1,1,3,1,0,0,0,1,0,1,0,0,0,23.27,16.55,54.06
18,1.87,267.0,8.0,6.0,3.0,4.0,5.0,1,1,0,1,2,1,1.0,1.0,0.0,1.0,1.0,1.0,0,0.0,1.0,0.0,0.0,0.0,2,0,0,3,1,0,0,0,3,0,0,0,1,0,34.71,29.59,79.24
17,1.5,115.0,6.0,8.0,2.0,5.0,5.0,0,0,1,2,2,0,1.0,0.0,1.0,0.0,0.0,1.0,0,0.0,1.0,0.0,0.0,0.0,0,0,0,0,0,0,0,1,0,1,0,1,2,1,23.23,26.39,40.13
19,1.65,160.0,-1.0,-1.0,-1.0,-1.0,-1.0,0,2,-1,-1,-1,-1,-1.0,-1.0,-1.0,-1.0,-1.0,-1.0,-1,-1.0,-1.0,-1.0,-1.0,-1.0,-1,-1,-1,-1,0,0,1,1,0,1,1,0,3,0,26.71,31.02,53.3
19,1.57,120.0,-1.0,-1.0,-1.0,-1.0,-1.0,0,2,-1,-1,-1,-1,-1.0,-1.0,-1.0,-1.0,-1.0,-1.0,-1,-1.0,-1.0,-1.0,-1.0,-1.0,-1,-1,-1,-1,0,0,0,1,1,1,0,1,0,1,22.13,25.53,42.47
19,1.75,125.0,4.0,5.0,2.0,4.0,5.0,1,0,0,2,0,1,1.0,1.0,0.0,1.0,1.0,1.0,1,0.0,0.0,0.0,0.0,1.0,2,0,0,4,1,1,0,1,0,1,0,0,3,2,18.55,10.43,46.28
19,1.69,120.0,-1.0,-1.0,-1.0,-1.0,-1.0,1,2,-1,-1,-1,-1,-1.0,-1.0,-1.0,-1.0,-1.0,-1.0,-1,-1.0,-1.0,-1.0,-1.0,-1.0,-1,-1,-1,-1,0,0,0,1,0,1,0,1,0,0,19.1,11.09,44.13
17,1.65,130.0,-1.0,-1.0,-1.0,-1.0,-1.0,0,2,-1,-1,-1,-1,-1.0,-1.0,-1.0,-1.0,-1.0,-1.0,-1,-1.0,-1.0,-1.0,-1.0,-1.0,-1,-1,-1,-1,0,0,1,1,1,1,1,1,0,0,21.7,24.55,46.27
18,1.7,130.0,-1.0,-1.0,-1.0,-1.0,-1.0,1,2,-1,-1,-1,-1,-1.0,-1.0,-1.0,-1.0,-1.0,-1.0,-1,-1.0,-1.0,-1.0,-1.0,-1.0,-1,-1,-1,-1,0,1,0,0,1,1,0,1,0,1,20.45,12.48,47.01
18,1.6,100.0,-1.0,-1.0,-1.0,-1.0,-1.0,1,2,-1,-1,-1,-1,-1.0,-1.0,-1.0,-1.0,-1.0,-1.0,-1,-1.0,-1.0,-1.0,-1.0,-1.0,-1,-1,-1,-1,1,0,0,1,1,1,1,0,5,0,17.76,9.25,37.38
19,1.7,120.0,-1.0,-1.0,-1.0,-1.0,-1.0,1,2,-1,-1,-1,-1,-1.0,-1.0,-1.0,-1.0,-1.0,-1.0,-1,-1.0,-1.0,-1.0,-1.0,-1.0,-1,-1,-1,-1,1,0,0,1,0,1,1,1,0,1,18.87,10.81,44.25
18,1.7,144.0,7.0,7.0,4.0,5.0,5.0,1,0,1,1,0,1,1.0,1.0,1.0,1.0,1.0,1.0,0,0.0,1.0,1.0,0.0,0.0,2,0,0,2,1,1,1,1,1,0,0,0,1,0,22.65,15.12,50.63
19,1.68,165.0,-1.0,-1.0,-1.0,-1.0,-1.0,0,2,-1,-1,-1,-1,-1.0,-1.0,-1.0,-1.0,-1.0,-1.0,-1,-1.0,-1.0,-1.0,-1.0,-1.0,-1,-1,-1,-1,0,0,1,1,1,1,1,0,0,0,26.57,30.85,55.07
18,1.54,135.0,-1.0,-1.0,-1.0,-1.0,-1.0,0,2,-1,-1,-1,-1,-1.0,-1.0,-1.0,-1.0,-1.0,-1.0,-1,-1.0,-1.0,-1.0,-1.0,-1.0,-1,-1,-1,-1,0,1,1,1,1,1,1,0,0,1,25.87,29.78,45.49
17,1.54,120.0,-1.0,-1.0,-1.0,-1.0,-1.0,0,2,-1,-1,-1,-1,-1.0,-1.0,-1.0,-1.0,-1.0,-1.0,-1,-1.0,-1.0,-1.0,-1.0,-1.0,-1,-1,-1,-1,0,1,1,1,1,1,0,1,0,1,23.0,26.11,42.0
18,1.72,210.0,5.0,9.0,4.0,2.0,4.0,1,0,0,1,2,0,0.0,0.0,1.0,0.0,0.0,1.0,0,0.0,1.0,0.0,0.0,0.0,1,0,0,0,0,0,1,1,1,1,0,1,1,0,32.27,26.66,64.65
17,1.75,130.0,7.0,8.0,5.0,4.0,4.0,1,0,3,1,2,1,1.0,1.0,0.0,0.0,1.0,1.0,1,0.0,1.0,0.0,0.0,0.0,1,0,2,2,1,0,0,0,1,1,0,1,3,0,19.29,10.86,47.69
18,1.8,220.0,8.0,8.0,3.0,5.0,4.0,1,1,0,1,2,1,1.0,1.0,1.0,1.0,1.0,1.0,1,0.0,1.0,0.0,0.0,0.0,1,1,1,3,0,1,0,1,1,0,0,0,0,0,30.86,24.97,69.14
18,1.73,0.0,-1.0,-1.0,-1.0,-1.0,-1.0,1,2,-1,-1,-1,-1,-1.0,-1.0,-1.0,-1.0,-1.0,-1.0,-1,-1.0,-1.0,-1.0,-1.0,-1.0,-1,-1,-1,-1,1,1,1,1,1,0,0,0,0,0,0.0,-12.06,0.0
18,1.8,185.0,4.0,7.0,3.0,2.0,4.0,1,0,1,1,0,1,1.0,1.0,1.0,0.0,1.0,0.0,0,0.0,0.0,0.0,0.0,1.0,0,1,2,2,0,1,1,0,1,0,1,0,0,0,25.95,19.08,62.27
19,1.7,140.0,-1.0,-1.0,-1.0,-1.0,-1.0,0,2,-1,-1,-1,-1,-1.0,-1.0,-1.0,-1.0,-1.0,-1.0,-1,-1.0,-1.0,-1.0,-1.0,-1.0,-1,-1,-1,-1,0,1,0,1,1,0,0,0,0,0,22.02,25.39,49.62
19,1.75,150.0,6.0,10.0,4.0,2.0,4.0,1,0,1,2,2,0,0.0,1.0,1.0,0.0,0.0,1.0,1,0.0,1.0,0.0,0.0,0.0,1,1,1,2,0,1,0,1,0,0,0,1,0,0,22.26,14.88,53.0
18,1.75,174.0,6.0,9.0,4.0,4.0,4.0,1,0,1,2,0,1,1.0,1.0,0.0,1.0,1.0,0.0,0,0.0,0.0,0.0,0.0,1.0,0,1,1,0,1,0,1,0,1,0,1,1,0,0,25.83,18.94,58.66
18,1.77,180.0,6.0,9.0,4.0,4.0,4.0,1,0,0,1,0,0,1.0,0.0,0.0,0.0,0.0,1.0,0,0.0,1.0,0.0,0.0,0.0,0,0,2,3,0,0,1,0,1,0,1,1,2,0,26.12,19.28,60.45
18,1.65,120.0,5.0,10.0,3.0,5.0,5.0,0,0,1,2,2,1,1.0,0.0,1.0,0.0,0.0,1.0,1,0.0,1.0,0.0,0.0,0.0,0,1,1,3,0,1,0,1,1,0,1,0,3,0,20.04,22.79,43.61
18,1.85,150.0,7.0,8.0,3.0,4.0,4.0,1,0,3,1,0,1,1.0,1.0,1.0,1.0,1.0,1.0,1,0.0,0.0,0.0,0.0,1.0,0,0,0,3,1,0,0,1,1,1,0,1,2,0,19.92,11.84,54.6
19,1.8,200.0,-1.0,-1.0,-1.0,-1.0,-1.0,1,2,-1,-1,-1,-1,-1.0,-1.0,-1.0,-1.0,-1.0,-1.0,-1,-1.0,-1.0,-1.0,-1.0,-1.0,-1,-1,-1,-1,0,0,1,1,1,1,0,1,3,0,28.06,21.84,65.4
23,1.7,130.0,7.0,6.0,3.0,4.0,4.0,0,1,3,1,2,0,1.0,1.0,1.0,1.0,0.0,1.0,0,0.0,1.0,0.0,0.0,0.0,0,1,0,3,1,1,1,0,1,0,1,0,0,2,20.45,24.43,47.01
18,1.65,115.0,8.0,8.0,3.0,3.0,5.0,0,1,3,1,4,1,1.0,1.0,1.0,0.0,0.0,1.0,0,0.0,1.0,0.0,0.0,0.0,0,2,1,0,1,0,0,1,3,0,1,1,0,0,19.2,21.78,42.24
17,1.88,185.0,-1.0,-1.0,-1.0,-1.0,-1.0,1,2,-1,-1,-1,-1,-1.0,-1.0,-1.0,-1.0,-1.0,-1.0,-1,-1.0,-1.0,-1.0,-1.0,-1.0,-1,-1,-1,-1,0,1,0,0,3,0,0,0,0,2,23.79,16.26,64.09
18,1.76,145.0,6.0,7.0,4.0,3.0,3.0,1,0,0,2,0,1,1.0,1.0,0.0,1.0,1.0,1.0,0,0.0,1.0,0.0,0.0,0.0,1,0,0,2,1,1,0,1,0,0,0,0,0,0,21.28,13.48,51.88
18,1.58,95.0,8.0,8.0,3.0,1.0,3.0,0,0,0,1,0,1,1.0,0.0,1.0,0.0,1.0,1.0,1,0.0,1.0,0.0,0.0,0.0,0,0,2,3,0,1,0,1,1,1,0,1,2,0,17.3,19.5,35.71
18,1.58,112.0,-1.0,-1.0,-1.0,-1.0,-1.0,0,2,-1,-1,-1,-1,-1.0,-1.0,-1.0,-1.0,-1.0,-1.0,-1,-1.0,-1.0,-1.0,-1.0,-1.0,-1,-1,-1,-1,0,0,0,1,0,1,1,0,0,1,20.39,23.21,40.53
18,1.5,145.0,5.0,5.0,3.0,4.0,2.0,0,0,0,1,2,1,0.0,1.0,0.0,1.0,1.0,1.0,0,0.0,1.0,0.0,0.0,0.0,1,1,1,0,1,0,1,1,3,0,1,1,0,2,29.29,33.89,46.6
18,1.72,125.0,8.0,10.0,3.0,5.0,5.0,1,1,0,1,0,1,1.0,1.0,0.0,1.0,1.0,1.0,1,0.0,1.0,0.0,0.0,0.0,0,0,0,2,1,1,0,1,1,0,0,0,5,0,19.21,10.99,45.9
17,1.65,72.0,5.0,7.0,4.0,3.0,4.0,1,0,0,1,0,1,1.0,1.0,0.0,1.0,1.0,1.0,1,0.0,0.0,0.0,0.0,1.0,1,0,0,2,1,0,0,0,1,1,1,0,0,0,12.02,2.13,28.79
17,1.53,105.0,-1.0,-1.0,-1.0,-1.0,-1.0,0,2,-1,-1,-1,-1,-1.0,-1.0,-1.0,-1.0,-1.0,-1.0,-1,-1.0,-1.0,-1.0,-1.0,-1.0,-1,-1,-1,-1,0,0,0,1,0,1,1,1,2,1,20.39,22.98,38.0
18,1.58,125.0,-1.0,-1.0,-1.0,-1.0,-1.0,0,2,-1,-1,-1,-1,-1.0,-1.0,-1.0,-1.0,-1.0,-1.0,-1,-1.0,-1.0,-1.0,-1.0,-1.0,-1,-1,-1,-1,0,0,1,1,0,1,1,1,2,0,22.76,26.05,43.89
17,1.6,130.0,-1.0,-1.0,-1.0,-1.0,-1.0,0,2,-1,-1,-1,-1,-1.0,-1.0,-1.0,-1.0,-1.0,-1.0,-1,-1.0,-1.0,-1.0,-1.0,-1.0,-1,-1,-1,-1,0,0,0,1,0,1,1,1,0,1,23.08,26.21,45.45
19,1.82,210.0,4.0,2.0,2.0,4.0,3.0,1,0,0,2,0,0,0.0,0.0,1.0,0.0,0.0,1.0,0,0.0,1.0,0.0,0.0,0.0,0,0,2,1,0,0,1,1,1,0,0,0,0,0,28.82,22.75,67.94
19,1.7,140.0,-1.0,-1.0,-1.0,-1.0,-1.0,1,2,-1,-1,-1,-1,-1.0,-1.0,-1.0,-1.0,-1.0,-1.0,-1,-1.0,-1.0,-1.0,-1.0,-1.0,-1,-1,-1,-1,1,0,0,0,1,1,1,1,5,0,22.02,14.59,49.62
18,1.7,170.0,-1.0,-1.0,-1.0,-1.0,-1.0,0,2,-1,-1,-1,-1,-1.0,-1.0,-1.0,-1.0,-1.0,-1.0,-1,-1.0,-1.0,-1.0,-1.0,-1.0,-1,-1,-1,-1,1,1,1,1,0,1,1,0,2,0,26.74,30.83,56.61
18,1.42,80.0,-1.0,-1.0,-1.0,-1.0,-1.0,0,2,-1,-1,-1,-1,-1.0,-1.0,-1.0,-1.0,-1.0,-1.0,-1,-1.0,-1.0,-1.0,-1.0,-1.0,-1,-1,-1,-1,1,0,0,1,1,0,0,1,3,0,18.03,20.38,29.81
18,1.5,120.0,7.0,8.0,2.0,3.0,4.0,0,0,0,2,0,0,1.0,0.0,1.0,0.0,0.0,1.0,0,0.0,1.0,0.0,0.0,0.0,2,1,1,3,0,0,1,1,1,1,1,0,0,0,24.24,27.83,41.32
19,1.69,130.0,-1.0,-1.0,-1.0,-1.0,-1.0,1,2,-1,-1,-1,-1,-1.0,-1.0,-1.0,-1.0,-1.0,-1.0,-1,-1.0,-1.0,-1.0,-1.0,-1.0,-1,-1,-1,-1,0,0,0,1,1,1,0,1,0,1,20.69,13.0,46.86
18,1.76,200.0,-1.0,-1.0,-1.0,-1.0,-1.0,1,2,-1,-1,-1,-1,-1.0,-1.0,-1.0,-1.0,-1.0,-1.0,-1,-1.0,-1.0,-1.0,-1.0,-1.0,-1,-1,-1,-1,0,0,1,0,1,0,0,1,2,0,29.35,23.16,64.23
18,1.84,267.0,4.0,7.0,3.0,5.0,5.0,1,0,0,2,2,1,1.0,1.0,1.0,0.0,1.0,0.0,2,0.0,1.0,0.0,0.0,0.0,0,0,0,3,1,1,1,1,1,0,1,1,2,0,35.85,30.96,77.85
21,1.67,195.0,1.0,1.0,3.0,3.0,5.0,0,1,3,1,0,0,1.0,1.0,1.0,1.0,1.0,1.0,1,0.0,1.0,0.0,0.0,0.0,2,0,0,3,0,0,1,0,1,0,0,0,0,0,31.78,37.57,60.47
20,1.86,190.0,5.0,8.0,3.0,3.0,3.0,1,1,2,4,1,1,1.0,1.0,1.0,1.0,1.0,1.0,1,1.0,0.0,0.0,0.0,1.0,1,1,1,1,0,1,0,0,3,0,0,0,0,2,24.96,18.35,64.81
18,1.61,120.2,8.0,5.0,1.0,1.0,1.0,1,0,3,1,2,1,1.0,1.0,1.0,1.0,1.0,1.0,0,0.0,1.0,0.0,0.0,0.0,0,1,1,2,1,1,0,0,3,0,1,1,0,0,21.08,13.24,43.12
19,1.6,66.0,-1.0,-1.0,-1.0,-1.0,-1.0,1,2,-1,-1,-1,-1,-1.0,-1.0,-1.0,-1.0,-1.0,-1.0,-1,-1.0,-1.0,-1.0,-1.0,-1.0,-1,-1,-1,-1,1,0,1,0,1,1,0,1,0,0,11.72,2.23,26.48
21,1.7,170.0,7.0,7.0,3.0,1.0,1.0,1,0,1,2,0,0,0.0,0.0,1.0,0.0,0.0,1.0,2,0.0,1.0,0.0,0.0,0.0,0,0,0,3,0,0,0,1,0,1,1,1,0,0,26.74,20.72,56.61
18,1.61,120.2,8.0,5.0,1.0,1.0,1.0,1,0,3,1,2,1,1.0,1.0,1.0,1.0,1.0,1.0,0,0.0,1.0,0.0,0.0,0.0,0,1,1,2,1,1,0,0,1,0,1,1,0,0,21.08,13.24,43.12
18,1.63,115.0,5.0,5.0,3.0,3.0,3.0,0,1,0,1,2,1,1.0,1.0,1.0,1.0,1.0,1.0,1,0.0,0.0,1.0,1.0,1.0,0,0,0,2,0,1,0,0,1,0,0,0,0,0,19.67,22.34,41.99
18,1.42,80.0,-1.0,-1.0,-1.0,-1.0,-1.0,0,2,-1,-1,-1,-1,-1.0,-1.0,-1.0,-1.0,-1.0,-1.0,-1,-1.0,-1.0,-1.0,-1.0,-1.0,-1,-1,-1,-1,0,1,0,1,1,0,0,1,5,0,18.03,20.38,29.81
19,1.71,165.0,-1.0,-1.0,-1.0,-1.0,-1.0,1,2,-1,-1,-1,-1,-1.0,-1.0,-1.0,-1.0,-1.0,-1.0,-1,-1.0,-1.0,-1.0,-1.0,-1.0,-1,-1,-1,-1,0,0,0,1,1,1,1,1,0,0,25.65,18.95,55.76
18,1.77,154.0,-1.0,-1.0,-1.0,-1.0,-1.0,1,2,-1,-1,-1,-1,-1.0,-1.0,-1.0,-1.0,-1.0,-1.0,-1,-1.0,-1.0,-1.0,-1.0,-1.0,-1,-1,-1,-1,1,0,0,1,1,0,0,0,0,0,22.34,14.75,54.36
19,1.63,125.0,5.0,5.0,3.0,4.0,4.0,0,0,1,2,2,1,0.0,0.0,1.0,0.0,0.0,0.0,2,0.0,1.0,0.0,0.0,0.0,2,1,1,0,1,0,1,0,0,0,0,1,0,1,21.39,24.64,44.66
18,1.58,135.0,-1.0,-1.0,-1.0,-1.0,-1.0,0,2,-1,-1,-1,-1,-1.0,-1.0,-1.0,-1.0,-1.0,-1.0,-1,-1.0,-1.0,-1.0,-1.0,-1.0,-1,-1,-1,-1,0,1,1,0,0,0,1,1,3,2,24.58,28.24,46.28
19,1.65,145.0,-1.0,-1.0,-1.0,-1.0,-1.0,0,2,-1,-1,-1,-1,-1.0,-1.0,-1.0,-1.0,-1.0,-1.0,-1,-1.0,-1.0,-1.0,-1.0,-1.0,-1,-1,-1,-1,1,1,1,0,1,0,1,1,0,0,24.21,28.02,49.95
18,1.75,150.0,-1.0,-1.0,-1.0,-1.0,-1.0,1,2,-1,-1,-1,-1,-1.0,-1.0,-1.0,-1.0,-1.0,-1.0,-1,-1.0,-1.0,-1.0,-1.0,-1.0,-1,-1,-1,-1,0,1,0,1,1,1,1,1,2,1,22.26,14.65,53.0
18,1.57,130.0,-1.0,-1.0,-1.0,-1.0,-1.0,0,2,-1,-1,-1,-1,-1.0,-1.0,-1.0,-1.0,-1.0,-1.0,-1,-1.0,-1.0,-1.0,-1.0,-1.0,-1,-1,-1,-1,1,1,1,1,0,1,1,1,2,1,23.97,27.5,44.93
17,1.65,130.0,-1.0,-1.0,-1.0,-1.0,-1.0,0,2,-1,-1,-1,-1,-1.0,-1.0,-1.0,-1.0,-1.0,-1.0,-1,-1.0,-1.0,-1.0,-1.0,-1.0,-1,-1,-1,-1,0,0,1,0,1,1,1,1,0,0,21.7,24.55,46.27
19,1.55,140.0,7.0,9.0,3.0,4.0,4.0,0,1,0,1,0,1,1.0,1.0,1.0,1.0,0.0,1.0,0,0.0,1.0,0.0,0.0,0.0,2,0,0,2,1,1,0,0,1,0,0,0,0,0,26.49,30.76,46.78
